-- phpMyAdmin SQL Dump
-- version 5.2.2-1.el9
-- https://www.phpmyadmin.net/
--
-- Host: localhost:3306
-- Generation Time: Feb 12, 2026 at 09:03 AM
-- Server version: 10.11.16-MariaDB
-- PHP Version: 8.0.30

SET SQL_MODE = "NO_AUTO_VALUE_ON_ZERO";
START TRANSACTION;
SET time_zone = "+00:00";


/*!40101 SET @OLD_CHARACTER_SET_CLIENT=@@CHARACTER_SET_CLIENT */;
/*!40101 SET @OLD_CHARACTER_SET_RESULTS=@@CHARACTER_SET_RESULTS */;
/*!40101 SET @OLD_COLLATION_CONNECTION=@@COLLATION_CONNECTION */;
/*!40101 SET NAMES utf8mb4 */;

--
-- Database: `newcatchjiujitsu-353030306a07`
--

-- --------------------------------------------------------

--
-- Table structure for table `bookings`
--

CREATE TABLE `bookings` (
  `id` bigint(20) UNSIGNED NOT NULL,
  `user_id` bigint(20) UNSIGNED NOT NULL,
  `class_id` bigint(20) UNSIGNED NOT NULL,
  `booked_at` timestamp NOT NULL DEFAULT current_timestamp(),
  `checked_in` tinyint(1) NOT NULL DEFAULT 0
) ENGINE=InnoDB DEFAULT CHARSET=utf8mb4 COLLATE=utf8mb4_unicode_ci;

--
-- Dumping data for table `bookings`
--

INSERT INTO `bookings` (`id`, `user_id`, `class_id`, `booked_at`, `checked_in`) VALUES
(4, 206, 6, '2026-01-30 14:26:16', 0),
(5, 373, 26, '2026-01-31 05:16:38', 0),
(6, 543, 21, '2026-01-31 05:22:08', 0),
(7, 543, 16, '2026-01-31 05:22:19', 0),
(11, 298, 16, '2026-01-31 06:04:47', 0),
(12, 327, 26, '2026-01-31 07:45:00', 0),
(16, 303, 86, '2026-02-02 13:52:13', 1),
(17, 303, 66, '2026-02-03 04:41:39', 1),
(21, 207, 66, '2026-02-03 09:05:56', 1),
(23, 210, 66, '2026-02-03 09:06:09', 1),
(24, 217, 66, '2026-02-03 09:06:15', 1),
(25, 220, 66, '2026-02-03 09:06:19', 1),
(26, 231, 66, '2026-02-03 09:06:24', 1),
(27, 255, 66, '2026-02-03 09:06:30', 1),
(28, 257, 66, '2026-02-03 09:06:35', 1),
(29, 299, 66, '2026-02-03 09:06:44', 1),
(30, 300, 66, '2026-02-03 09:06:50', 1),
(31, 343, 66, '2026-02-03 09:06:55', 1),
(32, 342, 66, '2026-02-03 09:07:00', 1),
(33, 344, 66, '2026-02-03 09:07:07', 1),
(34, 350, 66, '2026-02-03 09:07:12', 1),
(35, 351, 66, '2026-02-03 09:07:16', 1),
(36, 420, 66, '2026-02-03 09:07:23', 1),
(37, 421, 66, '2026-02-03 09:07:27', 1),
(38, 550, 66, '2026-02-03 09:07:32', 1),
(45, 344, 86, '2026-02-04 06:34:52', 1),
(46, 343, 96, '2026-02-04 06:35:01', 1),
(47, 215, 81, '2026-02-04 08:20:54', 1),
(48, 219, 81, '2026-02-04 08:20:59', 1),
(49, 217, 81, '2026-02-04 08:21:04', 1),
(50, 350, 81, '2026-02-04 08:21:09', 1),
(51, 300, 81, '2026-02-04 08:21:15', 1),
(52, 299, 81, '2026-02-04 08:21:18', 1),
(53, 373, 81, '2026-02-04 08:21:30', 1),
(54, 374, 81, '2026-02-04 08:21:35', 1),
(56, 548, 81, '2026-02-04 08:21:50', 1),
(57, 550, 81, '2026-02-04 08:22:07', 1),
(58, 220, 86, '2026-02-04 08:22:42', 1),
(59, 210, 86, '2026-02-04 08:22:49', 1),
(60, 229, 86, '2026-02-04 08:22:52', 1),
(61, 214, 86, '2026-02-04 11:51:22', 1),
(62, 231, 86, '2026-02-04 11:52:17', 1),
(63, 238, 86, '2026-02-04 11:52:25', 1),
(64, 255, 86, '2026-02-04 11:52:30', 1),
(65, 257, 86, '2026-02-04 11:52:35', 1),
(66, 342, 86, '2026-02-04 11:52:40', 1),
(68, 351, 86, '2026-02-04 11:52:49', 1),
(69, 352, 86, '2026-02-04 11:52:56', 1),
(70, 435, 86, '2026-02-04 11:53:01', 1),
(71, 558, 86, '2026-02-04 11:53:13', 1),
(72, 206, 91, '2026-02-05 03:59:54', 1),
(73, 417, 91, '2026-02-05 03:59:58', 1),
(74, 547, 91, '2026-02-05 04:00:39', 1),
(75, 215, 96, '2026-02-05 04:01:03', 1),
(76, 217, 96, '2026-02-05 04:01:08', 1),
(77, 219, 96, '2026-02-05 04:01:13', 1),
(78, 220, 96, '2026-02-05 04:01:20', 1),
(79, 229, 96, '2026-02-05 04:01:23', 1),
(80, 231, 96, '2026-02-05 04:01:26', 1),
(81, 238, 96, '2026-02-05 04:01:33', 1),
(82, 252, 96, '2026-02-05 04:01:37', 1),
(84, 344, 96, '2026-02-05 04:01:56', 1),
(85, 350, 96, '2026-02-05 04:01:59', 1),
(86, 351, 96, '2026-02-05 04:02:02', 1),
(89, 558, 96, '2026-02-05 04:02:18', 1),
(90, 557, 96, '2026-02-05 04:02:21', 1),
(91, 550, 96, '2026-02-05 04:02:40', 1),
(92, 263, 101, '2026-02-05 04:02:57', 1),
(93, 264, 101, '2026-02-05 04:03:01', 1),
(94, 296, 101, '2026-02-05 04:03:08', 1),
(95, 314, 101, '2026-02-05 04:03:11', 1),
(96, 528, 101, '2026-02-05 04:03:25', 1),
(97, 546, 101, '2026-02-05 04:03:34', 1),
(98, 205, 76, '2026-02-05 04:04:17', 1),
(99, 206, 76, '2026-02-05 04:04:21', 1),
(100, 218, 76, '2026-02-05 04:04:24', 1),
(101, 237, 76, '2026-02-05 04:04:32', 1),
(102, 289, 76, '2026-02-05 04:04:36', 1),
(103, 296, 76, '2026-02-05 04:04:39', 1),
(104, 543, 76, '2026-02-05 04:04:51', 1),
(105, 542, 76, '2026-02-05 04:04:54', 1),
(106, 547, 76, '2026-02-05 04:05:08', 1),
(107, 547, 61, '2026-02-05 04:06:34', 1),
(108, 206, 61, '2026-02-05 04:06:38', 1),
(109, 417, 61, '2026-02-05 04:06:42', 1),
(110, 207, 138, '2026-02-05 04:08:32', 1),
(111, 210, 138, '2026-02-05 04:08:35', 1),
(112, 215, 138, '2026-02-05 04:08:42', 1),
(113, 217, 138, '2026-02-05 04:08:45', 1),
(114, 219, 138, '2026-02-05 04:08:56', 1),
(115, 238, 138, '2026-02-05 04:08:59', 1),
(116, 229, 138, '2026-02-05 04:09:03', 1),
(117, 220, 138, '2026-02-05 04:09:06', 1),
(118, 255, 138, '2026-02-05 04:09:15', 1),
(119, 257, 138, '2026-02-05 04:09:18', 1),
(120, 300, 138, '2026-02-05 04:09:21', 1),
(121, 350, 138, '2026-02-05 04:09:28', 1),
(122, 351, 138, '2026-02-05 04:09:32', 1),
(123, 373, 138, '2026-02-05 04:09:34', 1),
(124, 374, 138, '2026-02-05 04:09:43', 1),
(125, 545, 138, '2026-02-05 04:09:46', 1),
(126, 558, 138, '2026-02-05 04:09:51', 1),
(127, 557, 138, '2026-02-05 04:09:56', 1),
(128, 218, 71, '2026-02-05 04:10:21', 1),
(129, 273, 71, '2026-02-05 04:10:24', 1),
(130, 263, 71, '2026-02-05 04:10:28', 1),
(131, 314, 71, '2026-02-05 04:10:35', 1),
(132, 525, 71, '2026-02-05 04:10:38', 1),
(133, 528, 71, '2026-02-05 04:10:41', 1),
(134, 546, 71, '2026-02-05 04:10:52', 1),
(135, 552, 71, '2026-02-05 04:11:08', 1),
(136, 547, 121, '2026-02-05 04:11:32', 1),
(137, 206, 121, '2026-02-05 04:11:36', 1),
(138, 417, 121, '2026-02-05 04:11:39', 1),
(139, 207, 7, '2026-02-05 04:12:21', 1),
(140, 217, 7, '2026-02-05 04:12:24', 0),
(141, 299, 7, '2026-02-05 04:12:31', 1),
(142, 300, 7, '2026-02-05 04:12:34', 1),
(144, 373, 7, '2026-02-05 04:12:45', 1),
(145, 374, 7, '2026-02-05 04:12:54', 1),
(146, 545, 7, '2026-02-05 04:13:01', 1),
(148, 351, 7, '2026-02-05 04:13:28', 1),
(149, 548, 7, '2026-02-05 04:13:40', 1),
(150, 550, 7, '2026-02-05 04:13:47', 1),
(151, 210, 12, '2026-02-05 04:14:26', 1),
(152, 214, 12, '2026-02-05 04:14:29', 1),
(153, 220, 12, '2026-02-05 04:14:32', 1),
(154, 229, 12, '2026-02-05 04:14:40', 1),
(155, 231, 12, '2026-02-05 04:14:43', 1),
(157, 257, 12, '2026-02-05 04:14:50', 1),
(158, 255, 12, '2026-02-05 04:14:53', 1),
(159, 266, 12, '2026-02-05 04:15:07', 1),
(160, 343, 12, '2026-02-05 04:15:12', 1),
(161, 342, 12, '2026-02-05 04:15:15', 1),
(162, 344, 12, '2026-02-05 04:15:18', 1),
(163, 352, 12, '2026-02-05 04:15:28', 1),
(164, 353, 12, '2026-02-05 04:15:31', 1),
(165, 558, 12, '2026-02-05 04:15:37', 1),
(166, 557, 12, '2026-02-05 04:15:40', 1),
(169, 213, 91, '2026-02-05 04:49:47', 1),
(170, 272, 91, '2026-02-05 06:32:39', 1),
(171, 272, 101, '2026-02-05 06:32:39', 1),
(174, 314, 2, '2026-02-05 09:29:47', 1),
(175, 259, 2, '2026-02-05 09:29:53', 1),
(176, 207, 27, '2026-02-05 09:30:35', 1),
(177, 215, 27, '2026-02-05 09:30:39', 1),
(178, 219, 27, '2026-02-05 09:30:42', 1),
(179, 214, 143, '2026-02-05 09:31:00', 1),
(180, 229, 143, '2026-02-05 09:31:04', 1),
(181, 231, 143, '2026-02-05 09:31:06', 1),
(182, 238, 143, '2026-02-05 09:31:16', 1),
(183, 252, 143, '2026-02-05 09:31:24', 1),
(184, 266, 143, '2026-02-05 09:31:27', 1),
(185, 352, 143, '2026-02-05 09:31:35', 1),
(186, 558, 143, '2026-02-05 09:31:38', 1),
(187, 557, 143, '2026-02-05 09:31:42', 1),
(188, 207, 32, '2026-02-05 09:31:56', 1),
(189, 215, 32, '2026-02-05 09:32:00', 1),
(190, 373, 32, '2026-02-05 09:32:03', 1),
(191, 374, 32, '2026-02-05 09:32:11', 1),
(192, 548, 32, '2026-02-05 09:32:14', 1),
(193, 210, 37, '2026-02-05 09:32:37', 1),
(194, 214, 37, '2026-02-05 09:32:43', 1),
(195, 229, 37, '2026-02-05 09:32:47', 1),
(196, 231, 37, '2026-02-05 09:33:02', 1),
(197, 238, 37, '2026-02-05 09:33:04', 1),
(198, 252, 37, '2026-02-05 09:33:11', 1),
(199, 255, 37, '2026-02-05 09:33:14', 1),
(200, 257, 37, '2026-02-05 09:33:17', 1),
(201, 266, 37, '2026-02-05 09:33:26', 1),
(202, 303, 37, '2026-02-05 09:33:29', 1),
(203, 342, 37, '2026-02-05 09:33:36', 1),
(204, 344, 37, '2026-02-05 09:33:39', 1),
(205, 352, 37, '2026-02-05 09:33:45', 1),
(206, 435, 37, '2026-02-05 09:33:49', 1),
(207, 263, 17, '2026-02-05 09:34:10', 1),
(208, 547, 17, '2026-02-05 09:34:14', 1),
(209, 528, 17, '2026-02-05 09:34:22', 1),
(210, 259, 106, '2026-02-05 09:34:39', 1),
(211, 207, 47, '2026-02-05 09:34:52', 1),
(212, 215, 47, '2026-02-05 09:34:55', 1),
(213, 219, 47, '2026-02-05 09:34:59', 1),
(214, 238, 47, '2026-02-05 09:35:04', 1),
(215, 252, 47, '2026-02-05 09:35:07', 1),
(216, 300, 47, '2026-02-05 09:35:14', 1),
(217, 299, 47, '2026-02-05 09:35:17', 1),
(218, 214, 52, '2026-02-05 09:35:35', 1),
(219, 210, 52, '2026-02-05 09:35:38', 1),
(220, 220, 52, '2026-02-05 09:35:41', 1),
(221, 229, 52, '2026-02-05 09:35:49', 1),
(222, 257, 52, '2026-02-05 09:35:52', 1),
(223, 255, 52, '2026-02-05 09:35:58', 1),
(224, 303, 52, '2026-02-05 09:36:04', 1),
(225, 343, 52, '2026-02-05 09:36:07', 1),
(226, 342, 52, '2026-02-05 09:36:11', 1),
(227, 344, 52, '2026-02-05 09:36:15', 1),
(228, 353, 52, '2026-02-05 09:36:21', 1),
(229, 352, 52, '2026-02-05 09:36:27', 1),
(230, 350, 7, '2026-02-06 07:35:54', 1),
(231, 248, 12, '2026-02-06 11:10:40', 1),
(232, 250, 12, '2026-02-06 11:10:45', 1),
(233, 421, 12, '2026-02-06 11:10:58', 1),
(234, 420, 12, '2026-02-06 11:11:02', 1),
(235, 206, 116, '2026-02-06 15:47:08', 1),
(236, 259, 116, '2026-02-06 15:47:15', 1),
(237, 570, 72, '2026-02-09 03:25:06', 0),
(238, 314, 72, '2026-02-09 03:31:24', 0),
(239, 314, 3, '2026-02-09 03:31:37', 0),
(240, 263, 72, '2026-02-09 04:00:33', 0),
(241, 263, 102, '2026-02-09 04:00:54', 0),
(242, 263, 18, '2026-02-09 04:01:19', 0),
(243, 215, 139, '2026-02-09 07:51:55', 1),
(244, 545, 139, '2026-02-09 07:52:02', 1),
(245, 219, 139, '2026-02-09 07:52:06', 1),
(246, 227, 139, '2026-02-09 07:52:11', 1),
(247, 229, 139, '2026-02-09 07:52:16', 1),
(248, 238, 139, '2026-02-09 07:52:19', 1),
(249, 300, 139, '2026-02-09 07:52:26', 1),
(250, 350, 139, '2026-02-09 07:52:28', 1),
(251, 351, 139, '2026-02-09 07:52:35', 1),
(252, 550, 139, '2026-02-09 07:52:47', 1),
(253, 558, 139, '2026-02-09 07:52:53', 1),
(254, 557, 139, '2026-02-09 07:52:56', 1),
(255, 229, 67, '2026-02-09 07:53:23', 1),
(256, 238, 67, '2026-02-09 07:53:26', 1),
(257, 255, 67, '2026-02-09 07:53:29', 1),
(258, 257, 67, '2026-02-09 07:53:33', 1),
(259, 299, 67, '2026-02-09 07:53:37', 1),
(260, 300, 67, '2026-02-09 07:53:41', 1),
(261, 350, 67, '2026-02-09 07:53:44', 1),
(262, 351, 67, '2026-02-09 07:53:47', 1),
(263, 550, 67, '2026-02-09 07:53:51', 1),
(264, 558, 67, '2026-02-09 07:53:57', 1),
(265, 557, 67, '2026-02-09 07:54:01', 1),
(266, 314, 77, '2026-02-10 04:13:18', 1),
(267, 402, 72, '2026-02-10 05:13:43', 0),
(269, 402, 92, '2026-02-10 05:13:49', 0),
(270, 402, 102, '2026-02-10 05:13:53', 0),
(271, 402, 122, '2026-02-10 05:13:56', 0),
(272, 428, 72, '2026-02-10 06:10:49', 0),
(273, 216, 72, '2026-02-10 07:20:36', 0),
(274, 216, 102, '2026-02-10 07:20:46', 0),
(275, 216, 18, '2026-02-10 07:21:08', 0),
(276, 210, 67, '2026-02-10 23:43:52', 1),
(277, 217, 67, '2026-02-10 23:44:04', 1),
(278, 220, 67, '2026-02-10 23:44:07', 1),
(279, 231, 67, '2026-02-10 23:44:23', 1),
(280, 270, 67, '2026-02-10 23:44:41', 1),
(281, 305, 67, '2026-02-10 23:44:58', 1),
(282, 343, 67, '2026-02-10 23:45:08', 1),
(283, 344, 67, '2026-02-10 23:45:11', 1),
(284, 421, 67, '2026-02-10 23:45:31', 1),
(285, 420, 67, '2026-02-10 23:45:35', 1),
(286, 205, 77, '2026-02-11 01:12:35', 1),
(287, 206, 77, '2026-02-11 01:12:44', 1),
(288, 289, 77, '2026-02-11 01:12:49', 1),
(289, 547, 77, '2026-02-11 01:12:53', 1),
(290, 543, 77, '2026-02-11 01:13:03', 1);

-- --------------------------------------------------------

--
-- Table structure for table `cache`
--

CREATE TABLE `cache` (
  `key` varchar(255) NOT NULL,
  `value` mediumtext NOT NULL,
  `expiration` int(11) NOT NULL
) ENGINE=InnoDB DEFAULT CHARSET=utf8mb4 COLLATE=utf8mb4_unicode_ci;

--
-- Dumping data for table `cache`
--

INSERT INTO `cache` (`key`, `value`, `expiration`) VALUES
('laravel-cache-line_link:199686', 'i:571;', 1770803093);

-- --------------------------------------------------------

--
-- Table structure for table `cache_locks`
--

CREATE TABLE `cache_locks` (
  `key` varchar(255) NOT NULL,
  `owner` varchar(255) NOT NULL,
  `expiration` int(11) NOT NULL
) ENGINE=InnoDB DEFAULT CHARSET=utf8mb4 COLLATE=utf8mb4_unicode_ci;

-- --------------------------------------------------------

--
-- Table structure for table `classes`
--

CREATE TABLE `classes` (
  `id` bigint(20) UNSIGNED NOT NULL,
  `title` varchar(255) NOT NULL,
  `title_zh` varchar(255) DEFAULT NULL,
  `type` enum('Gi','No-Gi','Open Mat','Fundamentals') NOT NULL,
  `age_group` enum('Kids','Adults','All') NOT NULL DEFAULT 'Adults',
  `start_time` datetime NOT NULL,
  `duration_minutes` int(11) NOT NULL DEFAULT 60,
  `instructor_name` varchar(255) NOT NULL,
  `capacity` int(11) NOT NULL DEFAULT 20,
  `is_cancelled` tinyint(1) NOT NULL DEFAULT 0,
  `instructor_id` bigint(20) UNSIGNED DEFAULT NULL,
  `created_at` timestamp NULL DEFAULT NULL,
  `updated_at` timestamp NULL DEFAULT NULL,
  `recurrence_id` bigint(20) UNSIGNED DEFAULT NULL
) ENGINE=InnoDB DEFAULT CHARSET=utf8mb4 COLLATE=utf8mb4_unicode_ci;

--
-- Dumping data for table `classes`
--

INSERT INTO `classes` (`id`, `title`, `title_zh`, `type`, `age_group`, `start_time`, `duration_minutes`, `instructor_name`, `capacity`, `is_cancelled`, `instructor_id`, `created_at`, `updated_at`, `recurrence_id`) VALUES
(1, 'BJJ', '巴西柔術', 'Gi', 'Adults', '2026-01-30 20:30:00', 90, 'Dan Reid', 28, 0, 402, '2026-01-30 09:22:34', '2026-02-04 19:21:49', NULL),
(2, 'BJJ', '巴西柔術', 'Gi', 'Adults', '2026-02-06 20:30:00', 90, 'Dan Reid', 28, 0, 402, '2026-01-30 09:22:34', '2026-02-04 19:21:49', NULL),
(3, 'BJJ', '巴西柔術', 'Gi', 'Adults', '2026-02-13 20:30:00', 90, 'Dan Reid', 28, 0, 402, '2026-01-30 09:22:34', '2026-02-04 19:21:49', NULL),
(4, 'BJJ', '巴西柔術', 'Gi', 'Adults', '2026-02-20 20:30:00', 90, 'Dan Reid', 28, 0, 402, '2026-01-30 09:22:34', '2026-02-04 19:21:49', NULL),
(5, 'BJJ', '巴西柔術', 'Gi', 'Adults', '2026-02-27 20:30:00', 90, 'Dan Reid', 28, 0, 402, '2026-01-30 09:22:34', '2026-02-04 19:21:49', NULL),
(6, 'Kids BJJ - Kid 1-3', '兒童道服巴西柔術KID1-3', 'Gi', 'Kids', '2026-01-30 18:30:00', 60, 'Dan Reid', 28, 0, 402, '2026-01-30 14:13:30', '2026-02-04 19:20:48', NULL),
(7, 'Kids BJJ - Kid 1-3', '兒童道服巴西柔術KID1-3', 'Gi', 'Kids', '2026-02-06 18:30:00', 60, 'Dan Reid', 28, 0, 402, '2026-01-30 14:13:30', '2026-02-04 19:20:48', NULL),
(8, 'Kids BJJ - Kid 1-3', '兒童道服巴西柔術KID1-3', 'Gi', 'Kids', '2026-02-13 18:30:00', 60, 'Dan Reid', 28, 0, 402, '2026-01-30 14:13:30', '2026-02-04 19:20:48', NULL),
(9, 'Kids BJJ - Kid 1-3', '兒童道服巴西柔術KID1-3', 'Gi', 'Kids', '2026-02-20 18:30:00', 60, 'Dan Reid', 28, 0, 402, '2026-01-30 14:13:30', '2026-02-04 19:20:48', NULL),
(10, 'Kids BJJ - Kid 1-3', '兒童道服巴西柔術KID1-3', 'Gi', 'Kids', '2026-02-27 18:30:00', 60, 'Dan Reid', 28, 0, 402, '2026-01-30 14:13:30', '2026-02-04 19:20:48', NULL),
(11, 'Kids BJJ - Kid 4 - 6', '兒童道服巴西柔術 KID4-6', 'Gi', 'Kids', '2026-01-30 19:30:00', 60, 'Dan Reid', 26, 0, 402, '2026-01-30 14:13:59', '2026-02-04 17:38:23', NULL),
(12, 'Kids BJJ - Kid 4-6', '兒童道服巴西柔術KID4-6', 'Gi', 'Kids', '2026-02-06 19:30:00', 60, 'Dan Reid', 28, 0, 402, '2026-01-30 14:13:59', '2026-02-04 19:21:28', NULL),
(13, 'Kids BJJ - Kid 4-6', '兒童道服巴西柔術KID4-6', 'Gi', 'Kids', '2026-02-13 19:30:00', 60, 'Dan Reid', 28, 0, 402, '2026-01-30 14:13:59', '2026-02-04 19:21:28', NULL),
(14, 'Kids BJJ - Kid 4-6', '兒童道服巴西柔術KID4-6', 'Gi', 'Kids', '2026-02-20 19:30:00', 60, 'Dan Reid', 28, 0, 402, '2026-01-30 14:13:59', '2026-02-04 19:21:28', NULL),
(15, 'Kids BJJ - Kid 4-6', '兒童道服巴西柔術KID4-6', 'Gi', 'Kids', '2026-02-27 19:30:00', 60, 'Dan Reid', 28, 0, 402, '2026-01-30 14:13:59', '2026-02-04 19:21:28', NULL),
(16, 'BJJ', '巴西柔術', 'Gi', 'Adults', '2026-01-31 15:15:00', 90, 'Dan Reid', 28, 0, 402, '2026-01-31 05:07:34', '2026-02-04 19:22:04', NULL),
(17, 'BJJ', '巴西柔術', 'Gi', 'Adults', '2026-02-07 15:15:00', 90, 'Dan Reid', 28, 0, 402, '2026-01-31 05:07:34', '2026-02-04 19:22:04', NULL),
(18, 'BJJ', '巴西柔術', 'Gi', 'Adults', '2026-02-14 15:15:00', 90, 'Dan Reid', 28, 0, 402, '2026-01-31 05:07:34', '2026-02-04 19:22:04', NULL),
(19, 'BJJ', '巴西柔術', 'Gi', 'Adults', '2026-02-21 15:15:00', 90, 'Dan Reid', 28, 0, 402, '2026-01-31 05:07:34', '2026-02-04 19:22:04', NULL),
(20, 'BJJ', '巴西柔術', 'Gi', 'Adults', '2026-02-28 15:15:00', 90, 'Dan Reid', 28, 0, 402, '2026-01-31 05:07:34', '2026-02-04 19:22:04', NULL),
(21, 'Judo', '成人柔道', 'Gi', 'Adults', '2026-01-31 10:00:00', 60, 'Steven Lee', 26, 0, 298, '2026-01-31 05:07:56', '2026-02-04 19:22:31', NULL),
(22, 'Judo', '成人柔道', 'Gi', 'Adults', '2026-02-07 10:00:00', 60, 'Steven Lee', 26, 0, 298, '2026-01-31 05:07:57', '2026-02-04 19:22:31', NULL),
(23, 'Judo', '成人柔道', 'Gi', 'Adults', '2026-02-14 10:00:00', 60, 'Steven Lee', 26, 0, 298, '2026-01-31 05:07:57', '2026-02-04 19:22:31', NULL),
(24, 'Judo', '成人柔道', 'Gi', 'Adults', '2026-02-21 10:00:00', 60, 'Steven Lee', 26, 0, 298, '2026-01-31 05:07:57', '2026-02-04 19:22:31', NULL),
(25, 'Judo', '成人柔道', 'Gi', 'Adults', '2026-02-28 10:00:00', 60, 'Steven Lee', 26, 0, 298, '2026-01-31 05:07:57', '2026-02-04 19:22:31', NULL),
(26, 'Kids Judo  - Age 6-8', '兒童柔道專班 6-8歲', 'Gi', 'Kids', '2026-01-31 11:00:00', 60, 'Steven Lee', 20, 0, 298, '2026-01-31 05:08:49', '2026-02-04 19:23:11', NULL),
(27, 'Kids Judo  - Age 6-8', '兒童柔道專班 6-8歲', 'Gi', 'Kids', '2026-02-07 11:00:00', 60, 'Steven Lee', 20, 0, 298, '2026-01-31 05:08:49', '2026-02-04 19:23:11', NULL),
(28, 'Kids Judo  - Age 6-8', '兒童柔道專班 6-8歲', 'Gi', 'Kids', '2026-02-14 11:00:00', 60, 'Steven Lee', 20, 0, 298, '2026-01-31 05:08:49', '2026-02-04 19:23:11', NULL),
(29, 'Kids Judo  - Age 6-8', '兒童柔道專班 6-8歲', 'Gi', 'Kids', '2026-02-21 11:00:00', 60, 'Steven Lee', 20, 0, 298, '2026-01-31 05:08:49', '2026-02-04 19:23:11', NULL),
(30, 'Kids Judo  - Age 6-8', '兒童柔道專班 6-8歲', 'Gi', 'Kids', '2026-02-28 11:00:00', 60, 'Steven Lee', 20, 0, 298, '2026-01-31 05:08:49', '2026-02-04 19:23:11', NULL),
(31, 'Kids BJJ - Kid 1-3', '兒童巴西柔術KID1-3', 'Gi', 'Kids', '2026-01-31 13:00:00', 60, 'Dan Reid', 28, 0, 402, '2026-01-31 07:28:49', '2026-02-04 19:25:11', NULL),
(32, 'Kids BJJ - Kid 1-3', '兒童巴西柔術KID1-3', 'Gi', 'Kids', '2026-02-07 13:00:00', 60, 'Dan Reid', 28, 0, 402, '2026-01-31 07:28:49', '2026-02-04 19:25:11', NULL),
(33, 'Kids BJJ - Kid 1-3', '兒童巴西柔術KID1-3', 'Gi', 'Kids', '2026-02-14 13:00:00', 60, 'Dan Reid', 28, 0, 402, '2026-01-31 07:28:49', '2026-02-04 19:25:11', NULL),
(34, 'Kids BJJ - Kid 1-3', '兒童巴西柔術KID1-3', 'Gi', 'Kids', '2026-02-21 13:00:00', 60, 'Dan Reid', 28, 0, 402, '2026-01-31 07:28:49', '2026-02-04 19:25:11', NULL),
(35, 'Kids BJJ - Kid 1-3', '兒童巴西柔術KID1-3', 'Gi', 'Kids', '2026-02-28 13:00:00', 60, 'Dan Reid', 28, 0, 402, '2026-01-31 07:28:49', '2026-02-04 19:25:11', NULL),
(36, 'Kids BJJ - Kid 4-6', '兒童巴西柔術KID4-6', 'Gi', 'Kids', '2026-01-31 14:10:00', 60, 'Dan Reid', 28, 0, 402, '2026-01-31 07:29:21', '2026-02-04 19:25:33', NULL),
(37, 'Kids BJJ - Kid 4-6', '兒童巴西柔術KID4-6', 'Gi', 'Kids', '2026-02-07 14:10:00', 60, 'Dan Reid', 28, 0, 402, '2026-01-31 07:29:21', '2026-02-04 19:25:33', NULL),
(38, 'Kids BJJ - Kid 4-6', '兒童巴西柔術KID4-6', 'Gi', 'Kids', '2026-02-14 14:10:00', 60, 'Dan Reid', 28, 0, 402, '2026-01-31 07:29:21', '2026-02-04 19:25:33', NULL),
(39, 'Kids BJJ - Kid 4-6', '兒童巴西柔術KID4-6', 'Gi', 'Kids', '2026-02-21 14:10:00', 60, 'Dan Reid', 28, 0, 402, '2026-01-31 07:29:21', '2026-02-04 19:25:33', NULL),
(40, 'Kids BJJ - Kid 4-6', '兒童巴西柔術KID4-6', 'Gi', 'Kids', '2026-02-28 14:10:00', 60, 'Dan Reid', 28, 0, 402, '2026-01-31 07:29:21', '2026-02-04 19:25:33', NULL),
(43, 'Kids No gi - 5 -8', NULL, 'No-Gi', 'Kids', '2026-02-14 12:00:00', 60, 'Dan Reid', 26, 0, 402, '2026-01-31 07:30:12', '2026-01-31 07:30:12', NULL),
(44, 'Kids No gi - 5 -8', NULL, 'No-Gi', 'Kids', '2026-02-21 12:00:00', 60, 'Dan Reid', 26, 0, 402, '2026-01-31 07:30:12', '2026-01-31 07:30:12', NULL),
(45, 'Kids No gi - 5 -8', NULL, 'No-Gi', 'Kids', '2026-02-28 12:00:00', 60, 'Dan Reid', 26, 0, 402, '2026-01-31 07:30:12', '2026-01-31 07:30:12', NULL),
(46, 'Kids No gi - Kid 1-3', '兒童無道服 KID1-3', 'No-Gi', 'Kids', '2026-02-01 12:00:00', 60, 'Dan Reid', 28, 0, 402, '2026-01-31 07:31:02', '2026-02-04 19:26:39', NULL),
(47, 'Kids No gi - Kid 1-3', '兒童無道服 KID1-3', 'No-Gi', 'Kids', '2026-02-08 12:00:00', 60, 'Dan Reid', 28, 0, 402, '2026-01-31 07:31:02', '2026-02-04 19:26:39', NULL),
(48, 'Kids No gi - Kid 1-3', '兒童無道服 KID1-3', 'No-Gi', 'Kids', '2026-02-15 12:00:00', 60, 'Dan Reid', 28, 0, 402, '2026-01-31 07:31:02', '2026-02-04 19:26:39', NULL),
(49, 'Kids No gi - Kid 1-3', '兒童無道服 KID1-3', 'No-Gi', 'Kids', '2026-02-22 12:00:00', 60, 'Dan Reid', 28, 0, 402, '2026-01-31 07:31:02', '2026-02-04 19:26:39', NULL),
(50, 'Kids No gi - Kid 1-3', '兒童無道服 KID1-3', 'No-Gi', 'Kids', '2026-03-01 12:00:00', 60, 'Dan Reid', 28, 0, 402, '2026-01-31 07:31:02', '2026-02-04 19:26:39', NULL),
(51, 'Kids No gi - Kid 4-6', '兒童無道服 KID4-6', 'No-Gi', 'Kids', '2026-02-01 13:10:00', 60, 'Dan Reid', 28, 0, 402, '2026-01-31 07:35:12', '2026-02-04 19:26:58', NULL),
(52, 'Kids No gi - Kid 4-6', '兒童無道服 KID4-6', 'No-Gi', 'Kids', '2026-02-08 13:10:00', 60, 'Dan Reid', 28, 0, 402, '2026-01-31 07:35:12', '2026-02-04 19:26:58', NULL),
(53, 'Kids No gi - Kid 4-6', '兒童無道服 KID4-6', 'No-Gi', 'Kids', '2026-02-15 13:10:00', 60, 'Dan Reid', 28, 0, 402, '2026-01-31 07:35:12', '2026-02-04 19:26:58', NULL),
(54, 'Kids No gi - Kid 4-6', '兒童無道服 KID4-6', 'No-Gi', 'Kids', '2026-02-22 13:10:00', 60, 'Dan Reid', 28, 0, 402, '2026-01-31 07:35:12', '2026-02-04 19:26:58', NULL),
(55, 'Kids No gi - Kid 4-6', '兒童無道服 KID4-6', 'No-Gi', 'Kids', '2026-03-01 13:10:00', 60, 'Dan Reid', 28, 0, 402, '2026-01-31 07:35:12', '2026-02-04 19:26:58', NULL),
(61, 'BJJ', '巴西柔術', 'Gi', 'Adults', '2026-02-03 07:00:00', 90, 'Jimmy Lee', 26, 0, 208, '2026-02-02 04:29:43', '2026-02-04 19:15:01', NULL),
(62, 'BJJ', '巴西柔術', 'Gi', 'Adults', '2026-02-10 07:00:00', 90, 'Jimmy Lee', 26, 0, 208, '2026-02-02 04:29:43', '2026-02-04 19:15:01', NULL),
(63, 'BJJ', '巴西柔術', 'Gi', 'Adults', '2026-02-17 07:00:00', 90, 'Jimmy Lee', 26, 0, 208, '2026-02-02 04:29:43', '2026-02-04 19:15:01', NULL),
(64, 'BJJ', '巴西柔術', 'Gi', 'Adults', '2026-02-24 07:00:00', 90, 'Jimmy Lee', 26, 0, 208, '2026-02-02 04:29:43', '2026-02-04 19:15:01', NULL),
(65, 'BJJ', '巴西柔術', 'Gi', 'Adults', '2026-03-03 07:00:00', 90, 'Jimmy Lee', 26, 0, 208, '2026-02-02 04:29:43', '2026-02-04 19:15:01', NULL),
(66, 'Kids - Kid - 1-6', '全齡兒童無道服 KID1-6', 'No-Gi', 'Kids', '2026-02-03 19:00:00', 60, 'Dan Reid', 28, 0, 402, '2026-02-02 04:30:13', '2026-02-04 19:15:43', NULL),
(67, 'Kids - Kid - 1-6', '全齡兒童無道服 KID1-6', 'No-Gi', 'Kids', '2026-02-10 19:00:00', 60, 'Dan Reid', 28, 0, 402, '2026-02-02 04:30:13', '2026-02-04 19:15:43', NULL),
(68, 'Kids - Kid - 1-6', '全齡兒童無道服 KID1-6', 'No-Gi', 'Kids', '2026-02-17 19:00:00', 60, 'Dan Reid', 28, 0, 402, '2026-02-02 04:30:13', '2026-02-04 19:15:43', NULL),
(69, 'Kids - Kid - 1-6', '全齡兒童無道服 KID1-6', 'No-Gi', 'Kids', '2026-02-24 19:00:00', 60, 'Dan Reid', 28, 0, 402, '2026-02-02 04:30:13', '2026-02-04 19:15:43', NULL),
(70, 'Kids - Kid - 1-6', '全齡兒童無道服 KID1-6', 'No-Gi', 'Kids', '2026-03-03 19:00:00', 60, 'Dan Reid', 28, 0, 402, '2026-02-02 04:30:13', '2026-02-04 19:15:43', NULL),
(71, 'No gi', '無道服降伏', 'No-Gi', 'Adults', '2026-02-03 20:00:00', 90, 'Dan Reid', 28, 0, 402, '2026-02-02 04:30:36', '2026-02-04 19:16:18', NULL),
(72, 'No gi', NULL, 'No-Gi', 'Adults', '2026-02-10 20:00:00', 90, 'Dan Reid', 26, 0, 402, '2026-02-02 04:30:36', '2026-02-02 04:30:36', NULL),
(73, 'No gi', NULL, 'No-Gi', 'Adults', '2026-02-17 20:00:00', 90, 'Dan Reid', 26, 0, 402, '2026-02-02 04:30:36', '2026-02-02 04:30:36', NULL),
(74, 'No gi', NULL, 'No-Gi', 'Adults', '2026-02-24 20:00:00', 90, 'Dan Reid', 26, 0, 402, '2026-02-02 04:30:36', '2026-02-02 04:30:36', NULL),
(75, 'No gi', NULL, 'No-Gi', 'Adults', '2026-03-03 20:00:00', 90, 'Dan Reid', 26, 0, 402, '2026-02-02 04:30:36', '2026-02-02 04:30:36', NULL),
(76, 'BJJ', NULL, 'Gi', 'Adults', '2026-02-04 11:00:00', 90, 'Dan Reid', 28, 0, 402, '2026-02-02 04:31:34', '2026-02-04 19:16:28', NULL),
(77, 'BJJ', NULL, 'Gi', 'Adults', '2026-02-11 11:00:00', 90, 'Dan Reid', 28, 0, 402, '2026-02-02 04:31:34', '2026-02-04 19:16:28', NULL),
(78, 'BJJ', NULL, 'Gi', 'Adults', '2026-02-18 11:00:00', 90, 'Dan Reid', 28, 0, 402, '2026-02-02 04:31:34', '2026-02-04 19:16:28', NULL),
(79, 'BJJ', NULL, 'Gi', 'Adults', '2026-02-25 11:00:00', 90, 'Dan Reid', 28, 0, 402, '2026-02-02 04:31:34', '2026-02-04 19:16:28', NULL),
(80, 'BJJ', NULL, 'Gi', 'Adults', '2026-03-04 11:00:00', 90, 'Dan Reid', 28, 0, 402, '2026-02-02 04:31:34', '2026-02-04 19:16:28', NULL),
(81, 'Kids BJJ  - Kid 1 - 3', '兒童道服巴西柔術 KID1-3', 'Gi', 'Kids', '2026-02-04 18:30:00', 60, 'Dan Reid', 28, 0, 402, '2026-02-02 04:32:28', '2026-02-04 19:05:08', NULL),
(82, 'Kids BJJ - Kid 1-3', '兒童道服巴西柔術 KID1-3', 'Gi', 'Kids', '2026-02-11 18:30:00', 60, 'Dan Reid', 28, 0, 402, '2026-02-02 04:32:28', '2026-02-04 19:17:45', NULL),
(83, 'Kids BJJ - Kid 1-3', '兒童道服巴西柔術 KID1-3', 'Gi', 'Kids', '2026-02-18 18:30:00', 60, 'Dan Reid', 28, 0, 402, '2026-02-02 04:32:28', '2026-02-04 19:17:45', NULL),
(84, 'Kids BJJ - Kid 1-3', '兒童道服巴西柔術 KID1-3', 'Gi', 'Kids', '2026-02-25 18:30:00', 60, 'Dan Reid', 28, 0, 402, '2026-02-02 04:32:28', '2026-02-04 19:17:45', NULL),
(85, 'Kids BJJ - Kid 1-3', '兒童道服巴西柔術 KID1-3', 'Gi', 'Kids', '2026-03-04 18:30:00', 60, 'Dan Reid', 28, 0, 402, '2026-02-02 04:32:28', '2026-02-04 19:17:45', NULL),
(86, 'Kids BJJ  - Kid 4 - 6', '兒童道服巴西柔術 KID4-6', 'Gi', 'Kids', '2026-02-04 19:30:00', 60, 'Dan Reid', 28, 0, 402, '2026-02-02 04:32:53', '2026-02-04 19:16:47', NULL),
(87, 'Kids BJJ  - 9 - 15', NULL, 'Gi', 'Kids', '2026-02-11 19:30:00', 60, 'Dan Reid', 26, 0, 402, '2026-02-02 04:32:53', '2026-02-02 04:32:53', NULL),
(88, 'Kids BJJ  - 9 - 15', NULL, 'Gi', 'Kids', '2026-02-18 19:30:00', 60, 'Dan Reid', 26, 0, 402, '2026-02-02 04:32:53', '2026-02-02 04:32:53', NULL),
(89, 'Kids BJJ  - 9 - 15', NULL, 'Gi', 'Kids', '2026-02-25 19:30:00', 60, 'Dan Reid', 26, 0, 402, '2026-02-02 04:32:53', '2026-02-02 04:32:53', NULL),
(90, 'Kids BJJ  - 9 - 15', NULL, 'Gi', 'Kids', '2026-03-04 19:30:00', 60, 'Dan Reid', 26, 0, 402, '2026-02-02 04:32:53', '2026-02-02 04:32:53', NULL),
(91, 'No gi', '無道服降伏', 'No-Gi', 'Adults', '2026-02-05 07:00:00', 90, 'Jimmy Lee', 28, 0, 208, '2026-02-02 04:33:18', '2026-02-04 19:18:25', NULL),
(92, 'No gi', '無道服降伏', 'No-Gi', 'Adults', '2026-02-12 07:00:00', 90, 'Jimmy Lee', 28, 0, 208, '2026-02-02 04:33:18', '2026-02-04 19:18:25', NULL),
(93, 'No gi', '無道服降伏', 'No-Gi', 'Adults', '2026-02-19 07:00:00', 90, 'Jimmy Lee', 28, 0, 208, '2026-02-02 04:33:18', '2026-02-04 19:18:25', NULL),
(94, 'No gi', '無道服降伏', 'No-Gi', 'Adults', '2026-02-26 07:00:00', 90, 'Jimmy Lee', 28, 0, 208, '2026-02-02 04:33:18', '2026-02-04 19:18:25', NULL),
(95, 'No gi', '無道服降伏', 'No-Gi', 'Adults', '2026-03-05 07:00:00', 90, 'Jimmy Lee', 28, 0, 208, '2026-02-02 04:33:18', '2026-02-04 19:18:25', NULL),
(96, 'Kids No gi - Kid - 1-6', '兒童全齡無道服 KID1-6', 'No-Gi', 'Kids', '2026-02-05 19:00:00', 60, 'Dan Reid', 28, 0, 402, '2026-02-02 04:33:51', '2026-02-04 19:19:06', NULL),
(97, 'Kids No gi - Kid - 1-6', '兒童全齡無道服 KID1-6', 'No-Gi', 'Kids', '2026-02-12 19:00:00', 60, 'Dan Reid', 28, 0, 402, '2026-02-02 04:33:51', '2026-02-04 19:19:06', NULL),
(98, 'Kids No gi - Kid - 1-6', '兒童全齡無道服 KID1-6', 'No-Gi', 'Kids', '2026-02-19 19:00:00', 60, 'Dan Reid', 28, 0, 402, '2026-02-02 04:33:51', '2026-02-04 19:19:06', NULL),
(99, 'Kids No gi - Kid - 1-6', '兒童全齡無道服 KID1-6', 'No-Gi', 'Kids', '2026-02-26 19:00:00', 60, 'Dan Reid', 28, 0, 402, '2026-02-02 04:33:51', '2026-02-04 19:19:06', NULL),
(100, 'Kids No gi - Kid - 1-6', '兒童全齡無道服 KID1-6', 'No-Gi', 'Kids', '2026-03-05 19:00:00', 60, 'Dan Reid', 28, 0, 402, '2026-02-02 04:33:51', '2026-02-04 19:19:06', NULL),
(101, 'No gi', '無道服降伏', 'No-Gi', 'Adults', '2026-02-05 20:00:00', 90, 'Dan Reid', 28, 0, 402, '2026-02-02 04:34:18', '2026-02-04 19:19:33', NULL),
(102, 'No gi', '無道服降伏', 'No-Gi', 'Adults', '2026-02-12 20:00:00', 90, 'Dan Reid', 28, 0, 402, '2026-02-02 04:34:18', '2026-02-04 19:19:33', NULL),
(103, 'No gi', '無道服降伏', 'No-Gi', 'Adults', '2026-02-19 20:00:00', 90, 'Dan Reid', 28, 0, 402, '2026-02-02 04:34:18', '2026-02-04 19:19:33', NULL),
(104, 'No gi', '無道服降伏', 'No-Gi', 'Adults', '2026-02-26 20:00:00', 90, 'Dan Reid', 28, 0, 402, '2026-02-02 04:34:18', '2026-02-04 19:19:33', NULL),
(105, 'No gi', '無道服降伏', 'No-Gi', 'Adults', '2026-03-05 20:00:00', 90, 'Dan Reid', 28, 0, 402, '2026-02-02 04:34:18', '2026-02-04 19:19:33', NULL),
(106, 'BJJ', '巴西柔術', 'Gi', 'Adults', '2026-02-08 11:00:00', 60, 'Charles Huang', 28, 0, 244, '2026-02-02 04:34:43', '2026-02-04 19:26:00', NULL),
(107, 'BJJ', '巴西柔術', 'Gi', 'Adults', '2026-02-15 11:00:00', 60, 'Charles Huang', 28, 0, 244, '2026-02-02 04:34:43', '2026-02-04 19:26:00', NULL),
(108, 'BJJ', '巴西柔術', 'Gi', 'Adults', '2026-02-22 11:00:00', 60, 'Charles Huang', 28, 0, 244, '2026-02-02 04:34:43', '2026-02-04 19:26:00', NULL),
(109, 'BJJ', '巴西柔術', 'Gi', 'Adults', '2026-03-01 11:00:00', 60, 'Charles Huang', 28, 0, 244, '2026-02-02 04:34:43', '2026-02-04 19:26:00', NULL),
(110, 'BJJ', '巴西柔術', 'Gi', 'Adults', '2026-03-08 11:00:00', 60, 'Charles Huang', 28, 0, 244, '2026-02-02 04:34:43', '2026-02-04 19:26:00', NULL),
(111, 'Combat Fitness', '格鬥體適能', 'No-Gi', 'Adults', '2026-02-08 15:00:00', 60, 'James Wen', 26, 0, 272, '2026-02-02 04:37:33', '2026-02-04 19:27:17', NULL),
(112, 'Combat Fitness', '格鬥體適能', 'No-Gi', 'Adults', '2026-02-15 15:00:00', 60, 'James Wen', 26, 0, 272, '2026-02-02 04:37:33', '2026-02-04 19:27:17', NULL),
(113, 'Combat Fitness', '格鬥體適能', 'No-Gi', 'Adults', '2026-02-22 15:00:00', 60, 'James Wen', 26, 0, 272, '2026-02-02 04:37:33', '2026-02-04 19:27:17', NULL),
(114, 'Combat Fitness', '格鬥體適能', 'No-Gi', 'Adults', '2026-03-01 15:00:00', 60, 'James Wen', 26, 0, 272, '2026-02-02 04:37:33', '2026-02-04 19:27:17', NULL),
(115, 'Combat Fitness', '格鬥體適能', 'No-Gi', 'Adults', '2026-03-08 15:00:00', 60, 'James Wen', 26, 0, 272, '2026-02-02 04:37:33', '2026-02-04 19:27:17', NULL),
(116, 'Girls BJJ', '女子巴西柔術', 'No-Gi', 'Adults', '2026-02-08 16:00:00', 60, 'Calyssa Madrid', 26, 0, 218, '2026-02-02 04:38:26', '2026-02-04 19:27:35', NULL),
(117, 'Girls BJJ', '女子巴西柔術', 'No-Gi', 'Adults', '2026-02-15 16:00:00', 60, 'Calyssa Madrid', 26, 0, 218, '2026-02-02 04:38:26', '2026-02-04 19:27:35', NULL),
(118, 'Girls BJJ', '女子巴西柔術', 'No-Gi', 'Adults', '2026-02-22 16:00:00', 60, 'Calyssa Madrid', 26, 0, 218, '2026-02-02 04:38:26', '2026-02-04 19:27:35', NULL),
(119, 'Girls BJJ', '女子巴西柔術', 'No-Gi', 'Adults', '2026-03-01 16:00:00', 60, 'Calyssa Madrid', 26, 0, 218, '2026-02-02 04:38:26', '2026-02-04 19:27:35', NULL),
(120, 'Girls BJJ', '女子巴西柔術', 'No-Gi', 'Adults', '2026-03-08 16:00:00', 60, 'Calyssa Madrid', 26, 0, 218, '2026-02-02 04:38:26', '2026-02-04 19:27:35', NULL),
(121, 'No gi', '無道服降伏', 'No-Gi', 'Adults', '2026-02-06 11:00:00', 90, 'Justin Klemm', 28, 0, 322, '2026-02-02 04:51:11', '2026-02-04 19:19:57', NULL),
(122, 'No gi', '無道服降伏', 'No-Gi', 'Adults', '2026-02-13 11:00:00', 90, 'Justin Klemm', 28, 0, 322, '2026-02-02 04:51:11', '2026-02-04 19:19:57', NULL),
(123, 'No gi', '無道服降伏', 'No-Gi', 'Adults', '2026-02-20 11:00:00', 90, 'Justin Klemm', 28, 0, 322, '2026-02-02 04:51:11', '2026-02-04 19:19:57', NULL),
(124, 'No gi', '無道服降伏', 'No-Gi', 'Adults', '2026-02-27 11:00:00', 90, 'Justin Klemm', 28, 0, 322, '2026-02-02 04:51:11', '2026-02-04 19:19:57', NULL),
(125, 'No gi', '無道服降伏', 'No-Gi', 'Adults', '2026-03-06 11:00:00', 90, 'Justin Klemm', 28, 0, 322, '2026-02-02 04:51:11', '2026-02-04 19:19:57', NULL),
(126, 'BJJ', '巴西柔術', 'Gi', 'Adults', '2026-03-06 20:30:00', 90, 'Dan Reid', 28, 0, 402, '2026-02-04 18:53:28', '2026-02-04 19:21:49', NULL),
(127, 'Kids BJJ - Kid 1-3', '兒童道服巴西柔術KID1-3', 'Gi', 'Kids', '2026-03-06 18:30:00', 60, 'Dan Reid', 28, 0, 402, '2026-02-04 18:53:28', '2026-02-04 19:20:48', NULL),
(128, 'Kids BJJ - Kid 4-6', '兒童道服巴西柔術KID4-6', 'Gi', 'Kids', '2026-03-06 19:30:00', 60, 'Dan Reid', 28, 0, 402, '2026-02-04 18:53:28', '2026-02-04 19:21:28', NULL),
(129, 'BJJ', '巴西柔術', 'Gi', 'Adults', '2026-03-07 15:15:00', 90, 'Dan Reid', 28, 0, 402, '2026-02-04 18:53:28', '2026-02-04 19:22:04', NULL),
(130, 'Judo', '成人柔道', 'Gi', 'Adults', '2026-03-07 10:00:00', 60, 'Steven Lee', 26, 0, 298, '2026-02-04 18:53:28', '2026-02-04 19:22:31', NULL),
(131, 'Kids Judo  - Age 6-8', '兒童柔道專班 6-8歲', 'Gi', 'Kids', '2026-03-07 11:00:00', 60, 'Steven Lee', 20, 0, 298, '2026-02-04 18:53:28', '2026-02-04 19:23:11', NULL),
(132, 'Kids BJJ - Kid 1-3', '兒童巴西柔術KID1-3', 'Gi', 'Kids', '2026-03-07 13:00:00', 60, 'Dan Reid', 28, 0, 402, '2026-02-04 18:53:28', '2026-02-04 19:25:11', NULL),
(133, 'Kids BJJ - Kid 4-6', '兒童巴西柔術KID4-6', 'Gi', 'Kids', '2026-03-07 14:10:00', 60, 'Dan Reid', 28, 0, 402, '2026-02-04 18:53:28', '2026-02-04 19:25:33', NULL),
(134, 'Kids No gi - 5 -8', NULL, 'No-Gi', 'Kids', '2026-03-07 12:00:00', 60, 'Dan Reid', 26, 0, 402, '2026-02-04 18:53:28', '2026-02-04 18:53:28', NULL),
(135, 'Kids No gi - Kid 1-3', '兒童無道服 KID1-3', 'No-Gi', 'Kids', '2026-03-08 12:00:00', 60, 'Dan Reid', 28, 0, 402, '2026-02-04 18:53:28', '2026-02-04 19:26:39', NULL),
(136, 'Kids No gi - Kid 4-6', '兒童無道服 KID4-6', 'No-Gi', 'Kids', '2026-03-08 13:10:00', 60, 'Dan Reid', 28, 0, 402, '2026-02-04 18:53:28', '2026-02-04 19:26:58', NULL),
(138, 'Kids BJJ - Kid 1-6', '兒童全齡基礎道服 KID1-6', 'Gi', 'Kids', '2026-02-02 19:00:00', 60, 'Zoe Chu', 28, 0, 314, '2026-02-04 19:11:31', '2026-02-04 19:11:31', 138),
(139, 'Kids BJJ - Kid 1-6', '兒童全齡基礎道服 KID1-6', 'Gi', 'Kids', '2026-02-09 19:00:00', 60, 'Zoe Chu', 28, 0, 314, '2026-02-04 19:11:31', '2026-02-04 19:11:31', 138),
(140, 'Kids BJJ - Kid 1-6', '兒童全齡基礎道服 KID1-6', 'Gi', 'Kids', '2026-02-16 19:00:00', 60, 'Zoe Chu', 28, 0, 314, '2026-02-04 19:11:31', '2026-02-04 19:11:31', 138),
(141, 'Kids BJJ - Kid 1-6', '兒童全齡基礎道服 KID1-6', 'Gi', 'Kids', '2026-02-23 19:00:00', 60, 'Zoe Chu', 28, 0, 314, '2026-02-04 19:11:31', '2026-02-04 19:11:31', 138),
(142, 'Kids BJJ - Kid 1-6', '兒童全齡基礎道服 KID1-6', 'Gi', 'Kids', '2026-03-02 19:00:00', 60, 'Zoe Chu', 28, 0, 314, '2026-02-04 19:11:31', '2026-02-04 19:11:31', 138),
(143, 'Kids Judo - Age 9-15', '青少年柔道 9-15歲', 'Gi', 'Kids', '2026-02-07 12:00:00', 60, 'Steven Lee', 20, 0, 298, '2026-02-04 19:23:54', '2026-02-04 19:23:54', 143),
(144, 'Kids Judo - Age 9-15', '青少年柔道 9-15歲', 'Gi', 'Kids', '2026-02-14 12:00:00', 60, 'Steven Lee', 20, 0, 298, '2026-02-04 19:23:54', '2026-02-04 19:23:54', 143),
(145, 'Kids Judo - Age 9-15', '青少年柔道 9-15歲', 'Gi', 'Kids', '2026-02-21 12:00:00', 60, 'Steven Lee', 20, 0, 298, '2026-02-04 19:23:54', '2026-02-04 19:23:54', 143),
(146, 'Kids Judo - Age 9-15', '青少年柔道 9-15歲', 'Gi', 'Kids', '2026-02-28 12:00:00', 60, 'Steven Lee', 20, 0, 298, '2026-02-04 19:23:54', '2026-02-04 19:23:54', 143),
(147, 'Kids Judo - Age 9-15', '青少年柔道 9-15歲', 'Gi', 'Kids', '2026-03-07 12:00:00', 60, 'Steven Lee', 20, 0, 298, '2026-02-04 19:23:54', '2026-02-04 19:23:54', 143);

-- --------------------------------------------------------

--
-- Table structure for table `class_trials`
--

CREATE TABLE `class_trials` (
  `id` bigint(20) UNSIGNED NOT NULL,
  `class_id` bigint(20) UNSIGNED NOT NULL,
  `name` varchar(255) NOT NULL,
  `age` tinyint(3) UNSIGNED DEFAULT NULL,
  `created_at` timestamp NULL DEFAULT NULL,
  `updated_at` timestamp NULL DEFAULT NULL
) ENGINE=InnoDB DEFAULT CHARSET=latin1 COLLATE=latin1_swedish_ci;

--
-- Dumping data for table `class_trials`
--

INSERT INTO `class_trials` (`id`, `class_id`, `name`, `age`, `created_at`, `updated_at`) VALUES
(1, 7, 'Noah', 8, '2026-02-03 16:42:13', '2026-02-03 16:42:13'),
(3, 7, 'Seth', 6, '2026-02-03 16:49:23', '2026-02-03 16:49:23');

-- --------------------------------------------------------

--
-- Table structure for table `coach_availability`
--

CREATE TABLE `coach_availability` (
  `id` bigint(20) UNSIGNED NOT NULL,
  `user_id` bigint(20) UNSIGNED NOT NULL,
  `day_of_week` tinyint(3) UNSIGNED NOT NULL,
  `start_time` time NOT NULL,
  `end_time` time NOT NULL,
  `slot_duration_minutes` smallint(5) UNSIGNED NOT NULL DEFAULT 60,
  `created_at` timestamp NULL DEFAULT NULL,
  `updated_at` timestamp NULL DEFAULT NULL
) ENGINE=InnoDB DEFAULT CHARSET=latin1 COLLATE=latin1_swedish_ci;

--
-- Dumping data for table `coach_availability`
--

INSERT INTO `coach_availability` (`id`, `user_id`, `day_of_week`, `start_time`, `end_time`, `slot_duration_minutes`, `created_at`, `updated_at`) VALUES
(9, 272, 0, '03:00:00', '16:00:00', 60, '2026-02-05 06:00:22', '2026-02-05 06:00:22'),
(10, 218, 0, '17:00:00', '20:00:00', 60, '2026-02-06 15:58:52', '2026-02-06 15:58:52');

-- --------------------------------------------------------

--
-- Table structure for table `failed_jobs`
--

CREATE TABLE `failed_jobs` (
  `id` bigint(20) UNSIGNED NOT NULL,
  `uuid` varchar(255) NOT NULL,
  `connection` text NOT NULL,
  `queue` text NOT NULL,
  `payload` longtext NOT NULL,
  `exception` longtext NOT NULL,
  `failed_at` timestamp NOT NULL DEFAULT current_timestamp()
) ENGINE=InnoDB DEFAULT CHARSET=utf8mb4 COLLATE=utf8mb4_unicode_ci;

-- --------------------------------------------------------

--
-- Table structure for table `families`
--

CREATE TABLE `families` (
  `id` bigint(20) UNSIGNED NOT NULL,
  `primary_user_id` bigint(20) UNSIGNED DEFAULT NULL,
  `created_at` timestamp NULL DEFAULT NULL,
  `updated_at` timestamp NULL DEFAULT NULL
) ENGINE=InnoDB DEFAULT CHARSET=latin1 COLLATE=latin1_swedish_ci;

--
-- Dumping data for table `families`
--

INSERT INTO `families` (`id`, `primary_user_id`, `created_at`, `updated_at`) VALUES
(1, 343, '2026-02-04 14:26:50', '2026-02-04 14:26:50'),
(2, 215, '2026-02-04 14:28:42', '2026-02-04 14:28:42'),
(3, 366, '2026-02-04 14:29:13', '2026-02-04 14:29:13'),
(4, 350, '2026-02-04 14:29:35', '2026-02-04 14:29:35'),
(5, 420, '2026-02-04 14:29:49', '2026-02-04 14:29:49'),
(6, 238, '2026-02-04 14:30:09', '2026-02-04 14:30:09'),
(7, 374, '2026-02-04 14:30:27', '2026-02-04 14:30:27'),
(8, 304, '2026-02-04 14:30:38', '2026-02-04 14:30:38'),
(9, 299, '2026-02-04 14:31:09', '2026-02-04 14:31:09'),
(10, 255, '2026-02-04 14:31:43', '2026-02-04 14:31:43'),
(11, 293, '2026-02-04 14:31:53', '2026-02-04 14:31:53'),
(12, 326, '2026-02-04 14:32:08', '2026-02-04 14:32:08'),
(13, 352, '2026-02-04 14:32:22', '2026-02-04 14:32:22'),
(14, 249, '2026-02-04 14:32:53', '2026-02-04 14:32:53'),
(16, 558, '2026-02-04 14:33:45', '2026-02-04 14:33:45'),
(17, 272, '2026-02-05 05:58:19', '2026-02-05 05:58:19'),
(18, 565, '2026-02-09 02:28:11', '2026-02-09 02:28:11');

-- --------------------------------------------------------

--
-- Table structure for table `family_members`
--

CREATE TABLE `family_members` (
  `id` bigint(20) UNSIGNED NOT NULL,
  `family_id` bigint(20) UNSIGNED NOT NULL,
  `user_id` bigint(20) UNSIGNED NOT NULL,
  `role` varchar(20) NOT NULL DEFAULT 'parent',
  `created_at` timestamp NULL DEFAULT NULL,
  `updated_at` timestamp NULL DEFAULT NULL
) ENGINE=InnoDB DEFAULT CHARSET=latin1 COLLATE=latin1_swedish_ci;

--
-- Dumping data for table `family_members`
--

INSERT INTO `family_members` (`id`, `family_id`, `user_id`, `role`, `created_at`, `updated_at`) VALUES
(1, 1, 343, 'parent', '2026-02-04 14:26:50', '2026-02-04 14:26:50'),
(2, 1, 344, 'child', '2026-02-04 14:26:50', '2026-02-04 14:26:50'),
(3, 1, 342, 'parent', '2026-02-04 14:27:15', '2026-02-04 14:27:15'),
(4, 2, 215, 'parent', '2026-02-04 14:28:42', '2026-02-04 14:28:42'),
(5, 2, 219, 'child', '2026-02-04 14:28:42', '2026-02-04 14:28:42'),
(6, 3, 366, 'parent', '2026-02-04 14:29:13', '2026-02-04 14:29:13'),
(7, 3, 287, 'child', '2026-02-04 14:29:13', '2026-02-04 14:29:13'),
(8, 4, 350, 'parent', '2026-02-04 14:29:35', '2026-02-04 14:29:35'),
(9, 4, 351, 'parent', '2026-02-04 14:29:35', '2026-02-04 14:29:35'),
(10, 5, 420, 'parent', '2026-02-04 14:29:49', '2026-02-04 14:29:49'),
(11, 5, 421, 'child', '2026-02-04 14:29:49', '2026-02-04 14:29:49'),
(12, 6, 238, 'parent', '2026-02-04 14:30:09', '2026-02-04 14:30:09'),
(13, 6, 229, 'parent', '2026-02-04 14:30:09', '2026-02-04 14:30:09'),
(14, 7, 374, 'parent', '2026-02-04 14:30:27', '2026-02-04 14:30:27'),
(15, 7, 373, 'parent', '2026-02-04 14:30:27', '2026-02-04 14:30:27'),
(16, 8, 304, 'parent', '2026-02-04 14:30:38', '2026-02-04 14:30:38'),
(17, 8, 303, 'parent', '2026-02-04 14:30:38', '2026-02-04 14:30:38'),
(18, 9, 299, 'parent', '2026-02-04 14:31:09', '2026-02-04 14:31:09'),
(19, 9, 300, 'child', '2026-02-04 14:31:09', '2026-02-04 14:31:09'),
(20, 10, 255, 'parent', '2026-02-04 14:31:43', '2026-02-04 14:31:43'),
(21, 10, 257, 'child', '2026-02-04 14:31:43', '2026-02-04 14:31:43'),
(22, 11, 293, 'parent', '2026-02-04 14:31:53', '2026-02-04 14:31:53'),
(23, 11, 330, 'child', '2026-02-04 14:31:53', '2026-02-04 14:31:53'),
(24, 12, 326, 'parent', '2026-02-04 14:32:08', '2026-02-04 14:32:08'),
(25, 12, 327, 'child', '2026-02-04 14:32:08', '2026-02-04 14:32:08'),
(26, 13, 352, 'parent', '2026-02-04 14:32:22', '2026-02-04 14:32:22'),
(27, 13, 353, 'child', '2026-02-04 14:32:22', '2026-02-04 14:32:22'),
(28, 14, 249, 'parent', '2026-02-04 14:32:53', '2026-02-04 14:32:53'),
(29, 14, 248, 'child', '2026-02-04 14:32:53', '2026-02-04 14:32:53'),
(30, 14, 250, 'child', '2026-02-04 14:33:00', '2026-02-04 14:33:00'),
(33, 16, 558, 'parent', '2026-02-04 14:33:45', '2026-02-04 14:33:45'),
(34, 16, 557, 'parent', '2026-02-04 14:33:45', '2026-02-04 14:33:45'),
(35, 17, 272, 'parent', '2026-02-05 05:58:19', '2026-02-05 05:58:19'),
(36, 17, 275, 'child', '2026-02-05 05:58:19', '2026-02-05 05:58:19'),
(37, 17, 274, 'child', '2026-02-05 05:58:27', '2026-02-05 05:58:27'),
(38, 18, 565, 'parent', '2026-02-09 02:28:11', '2026-02-09 02:28:11'),
(39, 18, 567, 'child', '2026-02-09 02:28:11', '2026-02-09 02:28:11'),
(40, 18, 566, 'child', '2026-02-09 02:28:20', '2026-02-09 02:28:20');

-- --------------------------------------------------------

--
-- Table structure for table `jobs`
--

CREATE TABLE `jobs` (
  `id` bigint(20) UNSIGNED NOT NULL,
  `queue` varchar(255) NOT NULL,
  `payload` longtext NOT NULL,
  `attempts` tinyint(3) UNSIGNED NOT NULL,
  `reserved_at` int(10) UNSIGNED DEFAULT NULL,
  `available_at` int(10) UNSIGNED NOT NULL,
  `created_at` int(10) UNSIGNED NOT NULL
) ENGINE=InnoDB DEFAULT CHARSET=utf8mb4 COLLATE=utf8mb4_unicode_ci;

-- --------------------------------------------------------

--
-- Table structure for table `job_batches`
--

CREATE TABLE `job_batches` (
  `id` varchar(255) NOT NULL,
  `name` varchar(255) NOT NULL,
  `total_jobs` int(11) NOT NULL,
  `pending_jobs` int(11) NOT NULL,
  `failed_jobs` int(11) NOT NULL,
  `failed_job_ids` longtext NOT NULL,
  `options` mediumtext DEFAULT NULL,
  `cancelled_at` int(11) DEFAULT NULL,
  `created_at` int(11) NOT NULL,
  `finished_at` int(11) DEFAULT NULL
) ENGINE=InnoDB DEFAULT CHARSET=utf8mb4 COLLATE=utf8mb4_unicode_ci;

-- --------------------------------------------------------

--
-- Table structure for table `membership_packages`
--

CREATE TABLE `membership_packages` (
  `id` bigint(20) UNSIGNED NOT NULL,
  `name` varchar(255) NOT NULL,
  `description` text DEFAULT NULL,
  `duration_type` enum('days','weeks','months','years','classes') NOT NULL DEFAULT 'months',
  `duration_value` int(11) NOT NULL DEFAULT 1,
  `price` decimal(10,2) NOT NULL DEFAULT 0.00,
  `age_group` enum('Adults','Kids','All') NOT NULL DEFAULT 'All',
  `is_active` tinyint(1) NOT NULL DEFAULT 1,
  `sort_order` int(11) NOT NULL DEFAULT 0,
  `created_at` timestamp NULL DEFAULT NULL,
  `updated_at` timestamp NULL DEFAULT NULL
) ENGINE=InnoDB DEFAULT CHARSET=utf8mb4 COLLATE=utf8mb4_unicode_ci;

--
-- Dumping data for table `membership_packages`
--

INSERT INTO `membership_packages` (`id`, `name`, `description`, `duration_type`, `duration_value`, `price`, `age_group`, `is_active`, `sort_order`, `created_at`, `updated_at`) VALUES
(1, '1 Week Trial (All inclusive)', 'Try out our gym for a week', 'weeks', 1, 1000.00, 'All', 1, 1, '2026-01-31 04:59:46', '2026-01-31 05:02:29'),
(2, '2 Week Pass  (All inclusive)', 'Short-term training pass', 'weeks', 2, 1500.00, 'All', 1, 2, '2026-01-31 04:59:46', '2026-01-31 05:02:32'),
(3, '1 Month  (All inclusive)', 'Monthly unlimited training', 'months', 1, 3500.00, 'All', 1, 3, '2026-01-31 04:59:46', '2026-01-31 05:02:36'),
(4, '3 Months  (All inclusive)', 'Quarterly membership', 'months', 3, 9500.00, 'All', 1, 4, '2026-01-31 04:59:46', '2026-01-31 05:57:48'),
(5, '6 Months  (All inclusive)', 'Semi-annual membership', 'months', 6, 19000.00, 'All', 1, 5, '2026-01-31 04:59:46', '2026-01-31 05:57:53'),
(6, '1 Year  (All inclusive)', 'Annual membership - best value', 'years', 1, 36000.00, 'All', 1, 6, '2026-01-31 04:59:46', '2026-01-31 05:57:57'),
(7, '10 Class Pass', 'Flexible class-based package', 'classes', 10, 4000.00, 'Adults', 1, 7, '2026-01-31 04:59:46', '2026-01-31 05:02:10'),
(8, 'Kids Monthly (Weekends Only)', 'All kids classes available on weekends', 'months', 1, 3000.00, 'Kids', 1, 8, '2026-01-31 04:59:46', '2026-02-09 02:23:20'),
(9, 'Kids (Weekdays only)', 'All kids classes on weekdays', 'months', 1, 3000.00, 'Kids', 1, 9, '2026-01-31 04:59:46', '2026-02-09 02:23:02');

-- --------------------------------------------------------

--
-- Table structure for table `migrations`
--

CREATE TABLE `migrations` (
  `id` int(10) UNSIGNED NOT NULL,
  `migration` varchar(255) NOT NULL,
  `batch` int(11) NOT NULL
) ENGINE=InnoDB DEFAULT CHARSET=utf8mb4 COLLATE=utf8mb4_unicode_ci;

--
-- Dumping data for table `migrations`
--

INSERT INTO `migrations` (`id`, `migration`, `batch`) VALUES
(1, '0001_01_01_000000_create_users_table', 1),
(2, '0001_01_01_000001_create_cache_table', 1),
(3, '0001_01_01_000002_create_jobs_table', 1),
(4, '2024_01_01_000001_create_classes_table', 1),
(5, '2024_01_01_000002_create_bookings_table', 1),
(6, '2024_01_01_000003_create_payments_table', 1),
(7, '2024_01_01_000004_add_checked_in_to_bookings', 1),
(8, '2024_01_01_000005_add_goals_to_users', 1),
(9, '2024_01_01_000006_add_member_details_to_users', 2),
(10, '2024_01_01_000007_rename_name_to_first_last_name', 3),
(11, '2024_01_01_000008_expand_rank_enum', 4);

-- --------------------------------------------------------

--
-- Table structure for table `orders`
--

CREATE TABLE `orders` (
  `id` bigint(20) UNSIGNED NOT NULL,
  `user_id` bigint(20) UNSIGNED NOT NULL,
  `total_price` decimal(10,2) NOT NULL,
  `status` varchar(20) NOT NULL DEFAULT 'Pending',
  `notes` text DEFAULT NULL,
  `payment_method` varchar(20) DEFAULT NULL,
  `account_last_5` varchar(5) DEFAULT NULL,
  `payment_submitted_at` timestamp NULL DEFAULT NULL,
  `created_at` timestamp NULL DEFAULT NULL,
  `updated_at` timestamp NULL DEFAULT NULL
) ENGINE=InnoDB DEFAULT CHARSET=latin1 COLLATE=latin1_swedish_ci;

--
-- Dumping data for table `orders`
--

INSERT INTO `orders` (`id`, `user_id`, `total_price`, `status`, `notes`, `payment_method`, `account_last_5`, `payment_submitted_at`, `created_at`, `updated_at`) VALUES
(7, 343, 800.00, 'Processing', NULL, NULL, NULL, NULL, '2026-02-05 06:14:01', '2026-02-05 06:16:08'),
(8, 218, 800.00, 'Processing', NULL, NULL, NULL, NULL, '2026-02-06 16:00:25', '2026-02-09 04:49:35'),
(13, 263, 1500.00, 'Pending', NULL, NULL, NULL, NULL, '2026-02-09 04:16:00', '2026-02-09 04:16:00'),
(14, 263, 800.00, 'Pending', NULL, NULL, NULL, NULL, '2026-02-09 04:16:12', '2026-02-09 04:16:12'),
(15, 263, 1500.00, 'Pending', NULL, NULL, NULL, NULL, '2026-02-09 04:16:24', '2026-02-09 04:16:24'),
(16, 327, 1500.00, 'Pending', NULL, 'bank', '32434', '2026-02-10 03:20:00', '2026-02-09 04:43:36', '2026-02-10 03:20:00'),
(17, 327, 1500.00, 'Cancelled', NULL, 'bank', '12334', '2026-02-09 04:45:35', '2026-02-09 04:43:40', '2026-02-09 07:34:36'),
(18, 327, 800.00, 'Pending', NULL, 'bank', '32434', '2026-02-10 03:20:00', '2026-02-09 08:01:34', '2026-02-10 03:20:00'),
(19, 327, 1500.00, 'Pending', NULL, 'bank', '32434', '2026-02-10 03:20:00', '2026-02-09 08:03:54', '2026-02-10 03:20:00'),
(20, 327, 1500.00, 'Processing', NULL, 'bank', '32434', '2026-02-10 03:20:00', '2026-02-09 08:07:41', '2026-02-10 03:20:50'),
(21, 327, 1500.00, 'Processing', NULL, 'bank', '32434', '2026-02-10 03:20:00', '2026-02-10 03:19:20', '2026-02-10 03:20:49');

-- --------------------------------------------------------

--
-- Table structure for table `order_items`
--

CREATE TABLE `order_items` (
  `id` bigint(20) UNSIGNED NOT NULL,
  `order_id` bigint(20) UNSIGNED NOT NULL,
  `product_variant_id` bigint(20) UNSIGNED NOT NULL,
  `quantity` int(10) UNSIGNED NOT NULL DEFAULT 1,
  `unit_price` decimal(10,2) NOT NULL,
  `is_preorder` tinyint(1) NOT NULL DEFAULT 0,
  `created_at` timestamp NULL DEFAULT NULL,
  `updated_at` timestamp NULL DEFAULT NULL
) ENGINE=InnoDB DEFAULT CHARSET=latin1 COLLATE=latin1_swedish_ci;

--
-- Dumping data for table `order_items`
--

INSERT INTO `order_items` (`id`, `order_id`, `product_variant_id`, `quantity`, `unit_price`, `is_preorder`, `created_at`, `updated_at`) VALUES
(7, 7, 251, 1, 800.00, 1, '2026-02-05 06:14:01', '2026-02-05 06:14:01'),
(8, 8, 262, 1, 800.00, 1, '2026-02-06 16:00:25', '2026-02-06 16:00:25'),
(13, 13, 284, 1, 1500.00, 0, '2026-02-09 04:16:00', '2026-02-09 04:16:00'),
(14, 14, 255, 1, 800.00, 1, '2026-02-09 04:16:12', '2026-02-09 04:16:12'),
(15, 15, 284, 1, 1500.00, 0, '2026-02-09 04:16:24', '2026-02-09 04:16:24'),
(16, 16, 280, 1, 1500.00, 0, '2026-02-09 04:43:36', '2026-02-09 04:43:36'),
(17, 17, 310, 1, 1500.00, 0, '2026-02-09 04:43:40', '2026-02-09 04:43:40'),
(18, 18, 251, 1, 800.00, 1, '2026-02-09 08:01:34', '2026-02-09 08:01:34'),
(19, 19, 290, 1, 1500.00, 0, '2026-02-09 08:03:54', '2026-02-09 08:03:54'),
(20, 20, 310, 1, 1500.00, 0, '2026-02-09 08:07:41', '2026-02-09 08:07:41'),
(21, 21, 310, 1, 1500.00, 0, '2026-02-10 03:19:20', '2026-02-10 03:19:20');

-- --------------------------------------------------------

--
-- Table structure for table `password_reset_tokens`
--

CREATE TABLE `password_reset_tokens` (
  `email` varchar(255) NOT NULL,
  `token` varchar(255) NOT NULL,
  `created_at` timestamp NULL DEFAULT NULL
) ENGINE=InnoDB DEFAULT CHARSET=utf8mb4 COLLATE=utf8mb4_unicode_ci;

-- --------------------------------------------------------

--
-- Table structure for table `payments`
--

CREATE TABLE `payments` (
  `id` bigint(20) UNSIGNED NOT NULL,
  `user_id` bigint(20) UNSIGNED NOT NULL,
  `amount` decimal(8,2) NOT NULL,
  `month` varchar(255) NOT NULL,
  `status` enum('Pending Verification','Paid','Overdue','Rejected') NOT NULL DEFAULT 'Overdue',
  `payment_method` enum('bank','linepay') DEFAULT NULL,
  `payment_date` date DEFAULT NULL,
  `account_last_5` varchar(5) DEFAULT NULL,
  `proof_image_path` varchar(255) DEFAULT NULL,
  `submitted_at` timestamp NULL DEFAULT NULL,
  `created_at` timestamp NULL DEFAULT NULL,
  `updated_at` timestamp NULL DEFAULT NULL
) ENGINE=InnoDB DEFAULT CHARSET=utf8mb4 COLLATE=utf8mb4_unicode_ci;

--
-- Dumping data for table `payments`
--

INSERT INTO `payments` (`id`, `user_id`, `amount`, `month`, `status`, `payment_method`, `payment_date`, `account_last_5`, `proof_image_path`, `submitted_at`, `created_at`, `updated_at`) VALUES
(4, 210, 3500.00, 'February 2026', 'Paid', 'bank', '2026-02-02', '12345', NULL, '2026-02-02 10:41:30', '2026-02-02 10:41:30', '2026-02-02 22:24:22'),
(5, 218, 1500.00, 'February 2026', 'Paid', 'bank', '2026-02-06', '96829', NULL, '2026-02-06 15:57:02', '2026-02-06 15:57:02', '2026-02-09 02:13:26'),
(6, 570, 1500.00, 'February 2026', 'Overdue', NULL, NULL, NULL, NULL, NULL, '2026-02-09 03:00:14', '2026-02-09 03:00:14'),
(7, 571, 1500.00, 'February 2026', 'Overdue', NULL, NULL, NULL, NULL, NULL, '2026-02-09 06:18:05', '2026-02-09 06:18:05'),
(8, 571, 4000.00, 'February 2026', 'Rejected', 'linepay', '2026-02-11', NULL, NULL, '2026-02-11 09:25:27', '2026-02-11 09:25:27', '2026-02-11 09:26:01');

-- --------------------------------------------------------

--
-- Table structure for table `private_class_bookings`
--

CREATE TABLE `private_class_bookings` (
  `id` bigint(20) UNSIGNED NOT NULL,
  `coach_id` bigint(20) UNSIGNED NOT NULL,
  `member_id` bigint(20) UNSIGNED NOT NULL,
  `scheduled_at` datetime NOT NULL,
  `duration_minutes` smallint(5) UNSIGNED NOT NULL DEFAULT 60,
  `status` varchar(20) NOT NULL DEFAULT 'pending',
  `price` decimal(10,2) DEFAULT NULL,
  `requested_at` timestamp NULL DEFAULT NULL,
  `responded_at` timestamp NULL DEFAULT NULL,
  `created_at` timestamp NULL DEFAULT NULL,
  `updated_at` timestamp NULL DEFAULT NULL
) ENGINE=InnoDB DEFAULT CHARSET=latin1 COLLATE=latin1_swedish_ci;

--
-- Dumping data for table `private_class_bookings`
--

INSERT INTO `private_class_bookings` (`id`, `coach_id`, `member_id`, `scheduled_at`, `duration_minutes`, `status`, `price`, `requested_at`, `responded_at`, `created_at`, `updated_at`) VALUES
(1, 218, 343, '2026-02-16 10:00:00', 60, 'accepted', 1500.00, '2026-02-04 15:30:18', '2026-02-04 15:53:59', '2026-02-04 15:30:18', '2026-02-04 15:53:59'),
(2, 218, 263, '2026-02-15 17:00:00', 60, 'pending', 1000.00, '2026-02-09 04:19:46', NULL, '2026-02-09 04:19:46', '2026-02-09 04:19:46'),
(3, 218, 263, '2026-02-15 18:00:00', 60, 'pending', 1000.00, '2026-02-09 04:19:56', NULL, '2026-02-09 04:19:56', '2026-02-09 04:19:56'),
(4, 218, 263, '2026-02-22 18:00:00', 60, 'pending', 1000.00, '2026-02-09 04:20:02', NULL, '2026-02-09 04:20:02', '2026-02-09 04:20:02'),
(5, 272, 263, '2026-02-15 04:00:00', 60, 'pending', 1000.00, '2026-02-09 04:20:07', NULL, '2026-02-09 04:20:07', '2026-02-09 04:20:07'),
(6, 272, 263, '2026-02-22 07:00:00', 60, 'pending', 1000.00, '2026-02-09 04:20:18', NULL, '2026-02-09 04:20:18', '2026-02-09 04:20:18');

-- --------------------------------------------------------

--
-- Table structure for table `products`
--

CREATE TABLE `products` (
  `id` bigint(20) UNSIGNED NOT NULL,
  `name` varchar(255) NOT NULL,
  `product_name_zh` varchar(255) CHARACTER SET utf8mb4 COLLATE utf8mb4_unicode_ci DEFAULT NULL,
  `category` varchar(60) NOT NULL,
  `description` text DEFAULT NULL,
  `product_desc_zh` text CHARACTER SET utf8mb4 COLLATE utf8mb4_unicode_ci DEFAULT NULL,
  `price` decimal(10,2) NOT NULL,
  `image_url` varchar(500) DEFAULT NULL,
  `is_preorder` tinyint(1) NOT NULL DEFAULT 0,
  `preorder_weeks` tinyint(3) UNSIGNED DEFAULT NULL,
  `created_at` timestamp NULL DEFAULT NULL,
  `updated_at` timestamp NULL DEFAULT NULL
) ENGINE=InnoDB DEFAULT CHARSET=latin1 COLLATE=latin1_swedish_ci;

--
-- Dumping data for table `products`
--

INSERT INTO `products` (`id`, `name`, `product_name_zh`, `category`, `description`, `product_desc_zh`, `price`, `image_url`, `is_preorder`, `preorder_weeks`, `created_at`, `updated_at`) VALUES
(1, 'Short Sleeve Rashguard - Blue', '短袖防磨衣 - 藍色', 'Rash guard', 'Competition legal rash guard', '符合比賽規格防磨衣', 1500.00, 'products/product_6984272e391007.64470592.jpg', 0, NULL, '2026-02-05 11:23:14', '2026-02-05 13:14:22'),
(2, 'Short Sleeve Rashguard - Brown', '短袖防磨衣 - 咖啡色', 'Rash guard', 'Competition legal rash guard', '符合比賽規格防磨衣', 1500.00, 'products/product_698428cc6d4ad5.59776573.jpg', 0, NULL, '2026-02-05 13:11:40', '2026-02-05 05:21:16'),
(3, 'Short Sleeve Rashguard - Grey', '短袖防磨衣 - 灰色', 'Rash guard', 'Competition legal rash guard', '符合比賽規格防磨衣', 1500.00, 'products/product_698427e4d36693.80460092.jpg', 0, NULL, '2026-02-05 13:16:34', '2026-02-05 13:17:24'),
(4, 'Short Sleeve Rashguard - Purple', '短袖防磨衣 - 紫色', 'Rash guard', 'Competition legal rash guard', '符合比賽規格防磨衣', 1500.00, 'products/product_6984286dd10503.27023649.jpg', 0, NULL, '2026-02-05 13:18:40', '2026-02-05 13:19:41'),
(5, 'Short Sleeve Rashguard - White', '短袖防磨衣 - 白色', 'Rash guard', 'Competition legal rash guard', '符合比賽規格防磨衣', 1500.00, 'products/product_698428da5439e5.52293809.jpg', 0, NULL, '2026-02-05 13:20:02', '2026-02-05 05:21:30'),
(6, 'Catch JJ Shorts - White', 'Catch JJ 格鬥短褲', 'Shorts', 'Competition legal shorts', '符合比賽規格格鬥短褲', 1500.00, 'products/product_69842a9580c479.09991383.jpg', 0, NULL, '2026-02-05 05:24:18', '2026-02-05 05:28:53'),
(7, 'Catch JJ Shorts - Black', 'Catch JJ 格鬥短褲 - 黑色', 'Shorts', 'Competition legal shorts', '符合比賽規格格鬥短褲', 1500.00, 'products/product_69842a8c14c372.70823895.jpg', 0, NULL, '2026-02-05 05:27:18', '2026-02-05 05:33:30'),
(8, 'Catch JJ Tshirt', 'Catch JJ T恤', 'T-shirt', NULL, NULL, 800.00, 'products/product_69842fc7075cc6.60506318.jpg', 1, 1, '2026-02-05 05:38:59', '2026-02-05 05:51:03'),
(9, 'Catch JJ Tshirt', 'Catch JJ T恤', 'T-shirt', NULL, NULL, 800.00, 'products/product_69842fbdb51a54.36937834.jpg', 1, 1, '2026-02-05 05:49:53', '2026-02-05 05:50:53');

-- --------------------------------------------------------

--
-- Table structure for table `product_variants`
--

CREATE TABLE `product_variants` (
  `id` bigint(20) UNSIGNED NOT NULL,
  `product_id` bigint(20) UNSIGNED NOT NULL,
  `size` varchar(20) NOT NULL,
  `color` varchar(60) DEFAULT NULL,
  `stock_quantity` int(10) UNSIGNED NOT NULL DEFAULT 0,
  `created_at` timestamp NULL DEFAULT NULL,
  `updated_at` timestamp NULL DEFAULT NULL
) ENGINE=InnoDB DEFAULT CHARSET=latin1 COLLATE=latin1_swedish_ci;

--
-- Dumping data for table `product_variants`
--

INSERT INTO `product_variants` (`id`, `product_id`, `size`, `color`, `stock_quantity`, `created_at`, `updated_at`) VALUES
(251, 8, 'XS', 'White', 0, '2026-02-05 06:08:55', '2026-02-05 06:08:55'),
(252, 8, 'S', 'White', 0, '2026-02-05 06:08:55', '2026-02-05 06:08:55'),
(253, 8, 'M', 'White', 0, '2026-02-05 06:08:55', '2026-02-05 06:08:55'),
(254, 8, 'L', 'White', 0, '2026-02-05 06:08:55', '2026-02-05 06:08:55'),
(255, 8, 'XL', 'White', 0, '2026-02-05 06:08:55', '2026-02-05 06:08:55'),
(256, 8, 'Y-XS', 'White', 0, '2026-02-05 06:08:55', '2026-02-05 06:08:55'),
(257, 8, 'Y-S', 'White', 0, '2026-02-05 06:08:55', '2026-02-05 06:08:55'),
(258, 8, 'Y-M', 'White', 0, '2026-02-05 06:08:55', '2026-02-05 06:08:55'),
(259, 8, 'Y-L', 'White', 0, '2026-02-05 06:08:55', '2026-02-05 06:08:55'),
(260, 8, 'Y-XL', 'White', 0, '2026-02-05 06:08:55', '2026-02-05 06:08:55'),
(261, 9, 'XS', 'Black', 0, '2026-02-05 06:09:15', '2026-02-05 06:09:15'),
(262, 9, 'S', 'Black', 0, '2026-02-05 06:09:15', '2026-02-05 06:09:15'),
(263, 9, 'M', 'Black', 0, '2026-02-05 06:09:15', '2026-02-05 06:09:15'),
(264, 9, 'L', 'Black', 0, '2026-02-05 06:09:15', '2026-02-05 06:09:15'),
(265, 9, 'XL', 'Black', 0, '2026-02-05 06:09:15', '2026-02-05 06:09:15'),
(266, 9, 'Y-XS', 'Black', 0, '2026-02-05 06:09:15', '2026-02-05 06:09:15'),
(267, 9, 'Y-S', 'Black', 0, '2026-02-05 06:09:15', '2026-02-05 06:09:15'),
(268, 9, 'Y-M', 'Black', 0, '2026-02-05 06:09:15', '2026-02-05 06:09:15'),
(269, 9, 'Y-L', 'Black', 0, '2026-02-05 06:09:15', '2026-02-05 06:09:15'),
(270, 9, 'Y-XL', 'Black', 0, '2026-02-05 06:09:15', '2026-02-05 06:09:15'),
(271, 6, 'S', 'White', 0, '2026-02-05 06:09:46', '2026-02-05 06:09:46'),
(272, 6, 'M', 'White', 0, '2026-02-05 06:09:46', '2026-02-05 06:09:46'),
(273, 6, 'L', 'White', 0, '2026-02-05 06:09:46', '2026-02-05 06:09:46'),
(274, 6, 'XL', 'White', 0, '2026-02-05 06:09:46', '2026-02-05 06:09:46'),
(275, 6, 'Y-XS', 'White', 0, '2026-02-05 06:09:46', '2026-02-05 06:09:46'),
(276, 6, 'Y-S', 'White', 0, '2026-02-05 06:09:46', '2026-02-05 06:09:46'),
(277, 6, 'Y-M', 'White', 0, '2026-02-05 06:09:46', '2026-02-05 06:09:46'),
(278, 6, 'Y-L', 'White', 0, '2026-02-05 06:09:46', '2026-02-05 06:09:46'),
(279, 6, 'Y-XL', 'White', 0, '2026-02-05 06:09:46', '2026-02-05 06:09:46'),
(280, 1, 'XS', 'Blue', 4, '2026-02-05 06:10:05', '2026-02-09 04:49:21'),
(281, 1, 'S', 'Blue', 4, '2026-02-05 06:10:05', '2026-02-05 06:10:05'),
(282, 1, 'M', 'Blue', 5, '2026-02-05 06:10:05', '2026-02-05 06:10:05'),
(283, 1, 'L', 'Blue', 5, '2026-02-05 06:10:05', '2026-02-05 06:10:05'),
(284, 1, 'XL', 'Blue', 3, '2026-02-05 06:10:05', '2026-02-09 04:16:24'),
(285, 1, 'Y-XS', 'Blue', 5, '2026-02-05 06:10:05', '2026-02-05 06:10:05'),
(286, 1, 'Y-S', 'Blue', 5, '2026-02-05 06:10:05', '2026-02-05 06:10:05'),
(287, 1, 'Y-M', 'Blue', 5, '2026-02-05 06:10:05', '2026-02-05 06:10:05'),
(288, 1, 'Y-L', 'Blue', 5, '2026-02-05 06:10:05', '2026-02-05 06:10:05'),
(289, 1, 'Y-XL', 'Blue', 5, '2026-02-05 06:10:05', '2026-02-05 06:10:05'),
(290, 2, 'XS', 'Brown', 4, '2026-02-05 06:10:21', '2026-02-09 08:03:54'),
(291, 2, 'S', 'Brown', 4, '2026-02-05 06:10:21', '2026-02-05 06:10:21'),
(292, 2, 'M', 'Brown', 5, '2026-02-05 06:10:21', '2026-02-05 06:10:21'),
(293, 2, 'L', 'Brown', 5, '2026-02-05 06:10:21', '2026-02-05 06:10:21'),
(294, 2, 'XL', 'Brown', 5, '2026-02-05 06:10:21', '2026-02-05 06:10:21'),
(295, 2, 'Y-XS', 'Brown', 5, '2026-02-05 06:10:21', '2026-02-05 06:10:21'),
(296, 2, 'Y-S', 'Brown', 5, '2026-02-05 06:10:21', '2026-02-05 06:10:21'),
(297, 2, 'Y-M', 'Brown', 5, '2026-02-05 06:10:21', '2026-02-05 06:10:21'),
(298, 2, 'Y-L', 'Brown', 5, '2026-02-05 06:10:21', '2026-02-05 06:10:21'),
(299, 2, 'Y-XL', 'Brown', 5, '2026-02-05 06:10:21', '2026-02-05 06:10:21'),
(300, 3, 'XS', 'Grey', 5, '2026-02-05 06:10:50', '2026-02-05 06:10:50'),
(301, 3, 'S', 'Grey', 4, '2026-02-05 06:10:50', '2026-02-05 06:10:50'),
(302, 3, 'M', 'Grey', 5, '2026-02-05 06:10:50', '2026-02-05 06:10:50'),
(303, 3, 'L', 'Grey', 5, '2026-02-05 06:10:50', '2026-02-05 06:10:50'),
(304, 3, 'XL', 'Grey', 5, '2026-02-05 06:10:50', '2026-02-05 06:10:50'),
(305, 3, 'Y-XS', 'Grey', 5, '2026-02-05 06:10:50', '2026-02-05 06:10:50'),
(306, 3, 'Y-S', 'Grey', 5, '2026-02-05 06:10:50', '2026-02-05 06:10:50'),
(307, 3, 'Y-M', 'Grey', 5, '2026-02-05 06:10:50', '2026-02-05 06:10:50'),
(308, 3, 'Y-L', 'Grey', 5, '2026-02-05 06:10:50', '2026-02-05 06:10:50'),
(309, 3, 'Y-XL', 'Grey', 5, '2026-02-05 06:10:50', '2026-02-05 06:10:50'),
(310, 4, 'XS', 'Purple', 2, '2026-02-05 06:11:07', '2026-02-10 03:19:20'),
(311, 4, 'S', 'Purple', 4, '2026-02-05 06:11:07', '2026-02-05 06:11:07'),
(312, 4, 'M', 'Purple', 5, '2026-02-05 06:11:07', '2026-02-05 06:11:07'),
(313, 4, 'L', 'Purple', 5, '2026-02-05 06:11:07', '2026-02-05 06:11:07'),
(314, 4, 'XL', 'Purple', 5, '2026-02-05 06:11:07', '2026-02-05 06:11:07'),
(315, 4, 'Y-XS', 'Purple', 5, '2026-02-05 06:11:07', '2026-02-05 06:11:07'),
(316, 4, 'Y-S', 'Purple', 5, '2026-02-05 06:11:07', '2026-02-05 06:11:07'),
(317, 4, 'Y-M', 'Purple', 5, '2026-02-05 06:11:07', '2026-02-05 06:11:07'),
(318, 4, 'Y-L', 'Purple', 5, '2026-02-05 06:11:07', '2026-02-05 06:11:07'),
(319, 4, 'Y-XL', 'Purple', 5, '2026-02-05 06:11:07', '2026-02-05 06:11:07'),
(320, 5, 'XS', 'White', 5, '2026-02-05 06:12:00', '2026-02-05 06:12:00'),
(321, 5, 'S', 'White', 4, '2026-02-05 06:12:00', '2026-02-05 06:12:00'),
(322, 5, 'M', 'White', 5, '2026-02-05 06:12:00', '2026-02-05 06:12:00'),
(323, 5, 'L', 'White', 5, '2026-02-05 06:12:00', '2026-02-05 06:12:00'),
(324, 5, 'XL', 'White', 5, '2026-02-05 06:12:00', '2026-02-05 06:12:00'),
(325, 5, 'Y-XS', 'White', 5, '2026-02-05 06:12:00', '2026-02-05 06:12:00'),
(326, 5, 'Y-S', 'White', 5, '2026-02-05 06:12:00', '2026-02-05 06:12:00'),
(327, 5, 'Y-M', 'White', 5, '2026-02-05 06:12:00', '2026-02-05 06:12:00'),
(328, 5, 'Y-L', 'White', 5, '2026-02-05 06:12:00', '2026-02-05 06:12:00'),
(329, 5, 'Y-XL', 'White', 5, '2026-02-05 06:12:00', '2026-02-05 06:12:00'),
(330, 7, 'S', 'Black', 0, '2026-02-05 06:12:25', '2026-02-05 06:12:25'),
(331, 7, 'M', 'Black', 0, '2026-02-05 06:12:25', '2026-02-05 06:12:25'),
(332, 7, 'L', 'Black', 0, '2026-02-05 06:12:25', '2026-02-05 06:12:25'),
(333, 7, 'XL', 'Black', 0, '2026-02-05 06:12:25', '2026-02-05 06:12:25'),
(334, 7, 'Y-XS', 'Black', 0, '2026-02-05 06:12:25', '2026-02-05 06:12:25'),
(335, 7, 'Y-S', 'Black', 0, '2026-02-05 06:12:25', '2026-02-05 06:12:25'),
(336, 7, 'Y-M', 'Black', 0, '2026-02-05 06:12:25', '2026-02-05 06:12:25'),
(337, 7, 'Y-L', 'Black', 0, '2026-02-05 06:12:25', '2026-02-05 06:12:25'),
(338, 7, 'Y-XL', 'Black', 0, '2026-02-05 06:12:25', '2026-02-05 06:12:25');

-- --------------------------------------------------------

--
-- Table structure for table `sessions`
--

CREATE TABLE `sessions` (
  `id` varchar(255) NOT NULL,
  `user_id` bigint(20) UNSIGNED DEFAULT NULL,
  `ip_address` varchar(45) DEFAULT NULL,
  `user_agent` text DEFAULT NULL,
  `payload` longtext NOT NULL,
  `last_activity` int(11) NOT NULL
) ENGINE=InnoDB DEFAULT CHARSET=utf8mb4 COLLATE=utf8mb4_unicode_ci;

--
-- Dumping data for table `sessions`
--

INSERT INTO `sessions` (`id`, `user_id`, `ip_address`, `user_agent`, `payload`, `last_activity`) VALUES
('0uuwzRkSSIPDB5ypFXbcC3KbvN1IYGlEIfQAXKyM', NULL, '34.48.201.13', 'Mozilla/5.0 (Linux; Android 13; Pixel 7a) AppleWebKit/537.36 (KHTML, like Gecko) Chrome/124.0.6367.82 Mobile Safari/537.36', 'YToyOntzOjY6Il90b2tlbiI7czo0MDoiekNkbTg4VFNNTkRVOW1UdFdnQ0tUanJSTTd6dXJFQ0NIZVM2UWJOdiI7czo2OiJfZmxhc2giO2E6Mjp7czozOiJvbGQiO2E6MDp7fXM6MzoibmV3IjthOjA6e319fQ==', 1770869413),
('1CIQFPGJhWEzwRkjNknBEcPoYD6ZcQTYtHm20QxW', NULL, '23.180.120.132', 'Mozilla/5.0 (Macintosh; Intel Mac OS X 10_15_7) AppleWebKit/537.36 Chrome/122.0.0.0 Safari/537.36', 'YTozOntzOjY6Il90b2tlbiI7czo0MDoiRnd4MXJDRzk5WGtQRFdPOGFCTFc1WUtFZWE3bWpZR0p1dFFlbGoxUCI7czo5OiJfcHJldmlvdXMiO2E6Mjp7czozOiJ1cmwiO3M6MjU6Imh0dHBzOi8vY2F0Y2hqaXVqaXRzdS5jb20iO3M6NToicm91dGUiO047fXM6NjoiX2ZsYXNoIjthOjI6e3M6Mzoib2xkIjthOjA6e31zOjM6Im5ldyI7YTowOnt9fX0=', 1770881777),
('25eLqqJ3lcSZ2dJYt86ABtChqvFEcTjEW0gtxEZP', NULL, '23.178.112.107', 'Mozilla/5.0 (compatible; Let\'s Encrypt validation server; +https://www.letsencrypt.org)', 'YTozOntzOjY6Il90b2tlbiI7czo0MDoiNHllQmE3OW0xWGZVbDR4NW44QU14ZVVlR0lONzRBRXFzMmdyRkpHVSI7czo5OiJfcHJldmlvdXMiO2E6Mjp7czozOiJ1cmwiO3M6MzE6Imh0dHBzOi8vY2F0Y2hqaXVqaXRzdS5jb20vbG9naW4iO3M6NToicm91dGUiO3M6NToibG9naW4iO31zOjY6Il9mbGFzaCI7YToyOntzOjM6Im9sZCI7YTowOnt9czozOiJuZXciO2E6MDp7fX19', 1770874948),
('3NuSjOljkT9k7Lr6A1CGaizPHP1J8LwGcLqp20t0', NULL, '170.106.197.109', 'Mozilla/5.0 (iPhone; CPU iPhone OS 13_2_3 like Mac OS X) AppleWebKit/605.1.15 (KHTML, like Gecko) Version/13.0.3 Mobile/15E148 Safari/604.1', 'YTozOntzOjY6Il90b2tlbiI7czo0MDoid0duQ2VEcHBKSjJ6MU1aRm9pOWQ5ZVdETHpnWHhRdTkwSHB6Y0hzbSI7czo5OiJfcHJldmlvdXMiO2E6Mjp7czozOiJ1cmwiO3M6MzE6Imh0dHBzOi8vY2F0Y2hqaXVqaXRzdS5jb20vbG9naW4iO3M6NToicm91dGUiO3M6NToibG9naW4iO31zOjY6Il9mbGFzaCI7YToyOntzOjM6Im9sZCI7YTowOnt9czozOiJuZXciO2E6MDp7fX19', 1770873963),
('55rsziJccTmjJ2sPYIyLP2tcDJpn8CQvjkz022Pu', NULL, '66.249.66.9', 'Mozilla/5.0 (Linux; Android 6.0.1; Nexus 5X Build/MMB29P) AppleWebKit/537.36 (KHTML, like Gecko) Chrome/144.0.7559.132 Mobile Safari/537.36 (compatible; Googlebot/2.1; +http://www.google.com/bot.html)', 'YTozOntzOjY6Il90b2tlbiI7czo0MDoiTjRvcWJBd0ZrTGsxeVZZdlBOcEFmNVBTZ0ZLTHVlcHdEMEtIczc3UyI7czo5OiJfcHJldmlvdXMiO2E6Mjp7czozOiJ1cmwiO3M6MzE6Imh0dHBzOi8vY2F0Y2hqaXVqaXRzdS5jb20vbG9naW4iO3M6NToicm91dGUiO3M6NToibG9naW4iO31zOjY6Il9mbGFzaCI7YToyOntzOjM6Im9sZCI7YTowOnt9czozOiJuZXciO2E6MDp7fX19', 1770876635),
('5bIPSP4RGGE9z0hskmdZNKZDDDly3UurXYU7fK5i', NULL, '54.144.83.4', 'Mozilla/5.0 (Windows NT 10.0; Win64; x64) AppleWebKit/537.36 (KHTML, like Gecko) Chrome/101.0.4951.64 Safari/537.36', 'YTozOntzOjY6Il90b2tlbiI7czo0MDoiZVRYQThqRDRFNWJUODVXaHliVGpkVVU5YzNJdkVqMUtIU21FNFBwOSI7czo5OiJfcHJldmlvdXMiO2E6Mjp7czozOiJ1cmwiO3M6MzE6Imh0dHBzOi8vY2F0Y2hqaXVqaXRzdS5jb20vbG9naW4iO3M6NToicm91dGUiO3M6NToibG9naW4iO31zOjY6Il9mbGFzaCI7YToyOntzOjM6Im9sZCI7YTowOnt9czozOiJuZXciO2E6MDp7fX19', 1770870476),
('5sj5uiZfs2P2AhqNCkveqqkA6Di3tdTcTsLtQNFS', NULL, '66.249.66.9', 'Mozilla/5.0 (Linux; Android 6.0.1; Nexus 5X Build/MMB29P) AppleWebKit/537.36 (KHTML, like Gecko) Chrome/99.0.4844.84 Mobile Safari/537.36 (compatible; Googlebot/2.1; +http://www.google.com/bot.html)', 'YTozOntzOjY6Il90b2tlbiI7czo0MDoicWlGSGhVVXFDMms5Ykh0eWJJSElGVUhqZXdWNDVUUGxPR2hHRTdkTSI7czo5OiJfcHJldmlvdXMiO2E6Mjp7czozOiJ1cmwiO3M6MzE6Imh0dHBzOi8vY2F0Y2hqaXVqaXRzdS5jb20vbG9naW4iO3M6NToicm91dGUiO3M6NToibG9naW4iO31zOjY6Il9mbGFzaCI7YToyOntzOjM6Im9sZCI7YTowOnt9czozOiJuZXciO2E6MDp7fX19', 1770876921),
('6klp8kV8YggiOaW5Hgyz0CES2VOtNigmYQ6l6u4W', NULL, '34.48.201.13', 'Mozilla/5.0 (iPad; CPU OS 17_4 like Mac OS X) AppleWebKit/605.1.15 (KHTML, like Gecko) Version/17.4 Mobile/15E148 Safari/604.1', 'YToyOntzOjY6Il90b2tlbiI7czo0MDoidlplSHNEUmoxZ0tiSWZpbGx3bk41YzFxbjBPYk1JZE9BWGJDUUIwRCI7czo2OiJfZmxhc2giO2E6Mjp7czozOiJvbGQiO2E6MDp7fXM6MzoibmV3IjthOjA6e319fQ==', 1770869412),
('6xyn5dGK2dUYG4B3Mzpb41QRuQU9NQLxMYVLcgwK', NULL, '54.144.83.4', 'Mozilla/5.0 (Macintosh; U; Intel Mac OS X 10_6_5; de-de) AppleWebKit/534.15  (KHTML, like Gecko) Version/5.0.3 Safari/533.19.4', 'YTozOntzOjY6Il90b2tlbiI7czo0MDoiWDRkamRic0x3MEdRV2tBV2Q5eDhoSmtzdVBHSDBBMFJIblFMUG1reCI7czo5OiJfcHJldmlvdXMiO2E6Mjp7czozOiJ1cmwiO3M6MjU6Imh0dHBzOi8vY2F0Y2hqaXVqaXRzdS5jb20iO3M6NToicm91dGUiO047fXM6NjoiX2ZsYXNoIjthOjI6e3M6Mzoib2xkIjthOjA6e31zOjM6Im5ldyI7YTowOnt9fX0=', 1770870476),
('6zPf4hVMfcXLBGFxkjtjY4C4dXNOfYSboV8hvxDz', NULL, '34.48.201.13', 'Mozilla/5.0 (Linux; Android 13; Pixel 7a) AppleWebKit/537.36 (KHTML, like Gecko) Chrome/124.0.6367.82 Mobile Safari/537.36', 'YToyOntzOjY6Il90b2tlbiI7czo0MDoiOTh2R3ZSZHhPZ3FFSE5zSW1tWGxaeUxrb0JDSnNqUlk0bDRlaVlCTSI7czo2OiJfZmxhc2giO2E6Mjp7czozOiJvbGQiO2E6MDp7fXM6MzoibmV3IjthOjA6e319fQ==', 1770869413),
('EDwUX1svVP9VYFARFJPzVjdd51bLMtilJHXaqR8p', NULL, '54.187.72.126', 'Mozilla/5.0 (X11; Linux x86_64) AppleWebKit/537.36 (KHTML, like Gecko) Chrome/143.0.0.0 Safari/537.36', 'YTozOntzOjY6Il90b2tlbiI7czo0MDoiMFBQT0t3MXROeDBqbnFzQTJFMnA4a05URlhQTEZjdm5GcXFkcWRWNiI7czo5OiJfcHJldmlvdXMiO2E6Mjp7czozOiJ1cmwiO3M6MzE6Imh0dHBzOi8vY2F0Y2hqaXVqaXRzdS5jb20vbG9naW4iO3M6NToicm91dGUiO3M6NToibG9naW4iO31zOjY6Il9mbGFzaCI7YToyOntzOjM6Im9sZCI7YTowOnt9czozOiJuZXciO2E6MDp7fX19', 1770872038),
('eOAIv9yH5etOvoKcuiRL8dAOkom54NSEMkoIE2Nr', NULL, '23.178.112.211', 'Mozilla/5.0 (compatible; Let\'s Encrypt validation server; +https://www.letsencrypt.org)', 'YTozOntzOjY6Il90b2tlbiI7czo0MDoieFp0VFRXOEc1WG1tbEw2dFg4TUZVbnJuWXd6V3UyVTI1NzlLSU9QVCI7czo5OiJfcHJldmlvdXMiO2E6Mjp7czozOiJ1cmwiO3M6MjU6Imh0dHBzOi8vY2F0Y2hqaXVqaXRzdS5jb20iO3M6NToicm91dGUiO047fXM6NjoiX2ZsYXNoIjthOjI6e3M6Mzoib2xkIjthOjA6e31zOjM6Im5ldyI7YTowOnt9fX0=', 1770874234),
('ezh4Xb30OYGVUtP4cfr18Cq5ySEYJblbxO6abg82', NULL, '23.178.112.212', 'Mozilla/5.0 (compatible; Let\'s Encrypt validation server; +https://www.letsencrypt.org)', 'YTozOntzOjY6Il90b2tlbiI7czo0MDoiRVI0VFNRdjRQaGpUZDF3aUU5OVhGempicUpGWlBkRjNrTFFTblNMNCI7czo5OiJfcHJldmlvdXMiO2E6Mjp7czozOiJ1cmwiO3M6MjU6Imh0dHBzOi8vY2F0Y2hqaXVqaXRzdS5jb20iO3M6NToicm91dGUiO047fXM6NjoiX2ZsYXNoIjthOjI6e3M6Mzoib2xkIjthOjA6e31zOjM6Im5ldyI7YTowOnt9fX0=', 1770875707),
('Ghr8ew6BiR5J94OvMN4Vls5g9I6YU3c5Wbk6gDEV', NULL, '24.220.112.164', 'Mozilla/5.0 (iPhone; CPU iPhone OS 18_7 like Mac OS X) AppleWebKit/605.1.15 (KHTML, like Gecko) Version/26.2 Mobile/15E148 Safari/604.1', 'YTo0OntzOjY6Il90b2tlbiI7czo0MDoibDk0b3FNcTcyajdKOU85QXlKMjlQVVgyWlUwSkhIT3pyV2VnRXNwUiI7czozOiJ1cmwiO2E6MTp7czo4OiJpbnRlbmRlZCI7czo0MToiaHR0cHM6Ly9jYXRjaGppdWppdHN1LmNvbS9mYW1pbHkvc2V0dGluZ3MiO31zOjk6Il9wcmV2aW91cyI7YToyOntzOjM6InVybCI7czozMToiaHR0cHM6Ly9jYXRjaGppdWppdHN1LmNvbS9sb2dpbiI7czo1OiJyb3V0ZSI7czo1OiJsb2dpbiI7fXM6NjoiX2ZsYXNoIjthOjI6e3M6Mzoib2xkIjthOjA6e31zOjM6Im5ldyI7YTowOnt9fX0=', 1770875504),
('hBOIv1Uw0fcHZSfXpnG7B6TQHH7o12ubzk4nhUVi', NULL, '34.48.201.13', 'Mozilla/5.0 (Windows NT 10.0; WOW64) AppleWebKit/537.36 (KHTML, like Gecko) Chrome/118.0.5993.90 Safari/537.36', 'YToyOntzOjY6Il90b2tlbiI7czo0MDoiRmJwU09TYXlGbTJTT3YwQXRsWVBNUWZBVXBVTGZtRnZFd1R2b0tmQiI7czo2OiJfZmxhc2giO2E6Mjp7czozOiJvbGQiO2E6MDp7fXM6MzoibmV3IjthOjA6e319fQ==', 1770869412),
('j1ESs6hBcPmnYZyIKCHSATCbhYkYapGseVdYpKD0', NULL, '184.94.240.88', 'Mozilla/5.0 (Windows NT 10.0; Win64; x64; rv:104.0) Gecko/20100101 Firefox/104.0', 'YTozOntzOjY6Il90b2tlbiI7czo0MDoiYzRiZXlkQ1lKQW9hc1VpclJNekNHV3U0UVlCZ0lBWkJ4YjRGell0dyI7czo5OiJfcHJldmlvdXMiO2E6Mjp7czozOiJ1cmwiO3M6MzE6Imh0dHBzOi8vY2F0Y2hqaXVqaXRzdS5jb20vbG9naW4iO3M6NToicm91dGUiO3M6NToibG9naW4iO31zOjY6Il9mbGFzaCI7YToyOntzOjM6Im9sZCI7YTowOnt9czozOiJuZXciO2E6MDp7fX19', 1770868810),
('jqpmfUQNO3tuLhEn8bghJaqDUuirYGaH9QyU4jso', NULL, '34.48.201.13', 'Mozilla/5.0 (X11; Fedora; Linux x86_64; rv:125.0) Gecko/20100101 Firefox/125.0', 'YToyOntzOjY6Il90b2tlbiI7czo0MDoiYTM1RFJqRkp1b05JeXBmejVYb0NmWHpraUcyMTM1VlRjTTZvVEx5OCI7czo2OiJfZmxhc2giO2E6Mjp7czozOiJvbGQiO2E6MDp7fXM6MzoibmV3IjthOjA6e319fQ==', 1770869413),
('JWT9o1ilziUYTLcvobkWWWcYozNGxc5EW0etx09P', NULL, '23.178.112.106', 'Mozilla/5.0 (compatible; Let\'s Encrypt validation server; +https://www.letsencrypt.org)', 'YTozOntzOjY6Il90b2tlbiI7czo0MDoiM0RNRFhoRXNuRktxb0tyS1VxNVNYNEJDSHQzTDhyemlqeFVTTkozWiI7czo5OiJfcHJldmlvdXMiO2E6Mjp7czozOiJ1cmwiO3M6MjU6Imh0dHBzOi8vY2F0Y2hqaXVqaXRzdS5jb20iO3M6NToicm91dGUiO047fXM6NjoiX2ZsYXNoIjthOjI6e3M6Mzoib2xkIjthOjA6e31zOjM6Im5ldyI7YTowOnt9fX0=', 1770874983),
('k3EN39tbuWbm0J25ZhI6vDChK7DtZHXtLMCJ7uuB', NULL, '34.48.201.13', 'Mozilla/5.0 (Linux; Android 14; OnePlus 12) AppleWebKit/537.36 (KHTML, like Gecko) Chrome/125.0.6422.102 Mobile Safari/537.36', 'YToyOntzOjY6Il90b2tlbiI7czo0MDoiaXJRSkJjSWFvUjJDcTdIdnNPcDRtck14dUNOdlhDakFVQm1BZ2pmaCI7czo2OiJfZmxhc2giO2E6Mjp7czozOiJvbGQiO2E6MDp7fXM6MzoibmV3IjthOjA6e319fQ==', 1770869414),
('K43L5qvVfUyPgBjJitlGe6zSOjPBrwo6vj9tZ3e2', NULL, '34.48.201.13', 'Mozilla/5.0 (Windows NT 10.0; WOW64) AppleWebKit/537.36 (KHTML, like Gecko) Chrome/118.0.5993.90 Safari/537.36', 'YToyOntzOjY6Il90b2tlbiI7czo0MDoiNlA5Sk8zUkxwaFR3WWM1ME9EdndNOXF4TXEzeTBqbFMzYmF6b09ITCI7czo2OiJfZmxhc2giO2E6Mjp7czozOiJvbGQiO2E6MDp7fXM6MzoibmV3IjthOjA6e319fQ==', 1770869411),
('K7vqj3NGBZcWszh5Qii2aoM3wB2SulV5rs0GynWv', NULL, '23.178.112.106', 'Mozilla/5.0 (compatible; Let\'s Encrypt validation server; +https://www.letsencrypt.org)', 'YTozOntzOjY6Il90b2tlbiI7czo0MDoiNU9TM2RQVE5kaGNPeUFqNHNyOU5xVkdJUkZjZWRaQVl4dkViMXU2RCI7czo5OiJfcHJldmlvdXMiO2E6Mjp7czozOiJ1cmwiO3M6MzE6Imh0dHBzOi8vY2F0Y2hqaXVqaXRzdS5jb20vbG9naW4iO3M6NToicm91dGUiO3M6NToibG9naW4iO31zOjY6Il9mbGFzaCI7YToyOntzOjM6Im9sZCI7YTowOnt9czozOiJuZXciO2E6MDp7fX19', 1770874983),
('kdY1p3fig3DTR7RmouNs1pug8MnifGabbW9WOgkO', NULL, '23.178.112.212', 'Mozilla/5.0 (compatible; Let\'s Encrypt validation server; +https://www.letsencrypt.org)', 'YTozOntzOjY6Il90b2tlbiI7czo0MDoieTNwTXhKUUtXTXdKS2R6Y00zbElYamxCR0NNUXdFSTZyYlZ2S095RiI7czo5OiJfcHJldmlvdXMiO2E6Mjp7czozOiJ1cmwiO3M6MzE6Imh0dHBzOi8vY2F0Y2hqaXVqaXRzdS5jb20vbG9naW4iO3M6NToicm91dGUiO3M6NToibG9naW4iO31zOjY6Il9mbGFzaCI7YToyOntzOjM6Im9sZCI7YTowOnt9czozOiJuZXciO2E6MDp7fX19', 1770875707),
('m9z4tszewH4Oc9Xpcu7SnLpLvIbZhYTAZyT22ScI', NULL, '54.187.72.126', 'Mozilla/5.0 (Macintosh; Intel Mac OS X 10_15_7) AppleWebKit/537.36 (KHTML, like Gecko) Chrome/133.0.0.0 Safari/537.36', 'YTozOntzOjY6Il90b2tlbiI7czo0MDoiQ2dkOE94U2dwV3NCY3FGMUdHdmlZRk5pWGhRTFh5ejlLS2lvVDRnaSI7czo5OiJfcHJldmlvdXMiO2E6Mjp7czozOiJ1cmwiO3M6MjU6Imh0dHBzOi8vY2F0Y2hqaXVqaXRzdS5jb20iO3M6NToicm91dGUiO047fXM6NjoiX2ZsYXNoIjthOjI6e3M6Mzoib2xkIjthOjA6e31zOjM6Im5ldyI7YTowOnt9fX0=', 1770872042),
('MoK3XZ0wbbsQDdsPOu9IVXBisJ1ZmWRW1zsgopX9', NULL, '23.178.112.106', 'Mozilla/5.0 (compatible; Let\'s Encrypt validation server; +https://www.letsencrypt.org)', 'YTozOntzOjY6Il90b2tlbiI7czo0MDoidHFHTzA2SnlUY1BPbWpZMXFBSHVOcjdJeTg3UXZUYUIydjE0RmhvRCI7czo5OiJfcHJldmlvdXMiO2E6Mjp7czozOiJ1cmwiO3M6MzE6Imh0dHBzOi8vY2F0Y2hqaXVqaXRzdS5jb20vbG9naW4iO3M6NToicm91dGUiO3M6NToibG9naW4iO31zOjY6Il9mbGFzaCI7YToyOntzOjM6Im9sZCI7YTowOnt9czozOiJuZXciO2E6MDp7fX19', 1770874757),
('MydVZFFUynYfcCtIOy9ulS3vN5ajoZ2LVk86KhYp', NULL, '34.48.201.13', 'Mozilla/5.0 (iPad; CPU OS 17_4 like Mac OS X) AppleWebKit/605.1.15 (KHTML, like Gecko) Version/17.4 Mobile/15E148 Safari/604.1', 'YToyOntzOjY6Il90b2tlbiI7czo0MDoiTk1Fd1c1aW0weVhWN2IwdGtHQWd5VWdqSlRZTGNqZ0pUSmpBdERrcyI7czo2OiJfZmxhc2giO2E6Mjp7czozOiJvbGQiO2E6MDp7fXM6MzoibmV3IjthOjA6e319fQ==', 1770869412),
('NrWsOUa45LJKoLQ6Ds3MLaTC4JjLmV0ASAC8TElk', NULL, '66.249.69.194', 'Mozilla/5.0 (Linux; Android 6.0.1; Nexus 5X Build/MMB29P) AppleWebKit/537.36 (KHTML, like Gecko) Chrome/144.0.7559.132 Mobile Safari/537.36 (compatible; Googlebot/2.1; +http://www.google.com/bot.html)', 'YTozOntzOjY6Il90b2tlbiI7czo0MDoiODYxdWhBY0dmWWQ0bFhGaXhuZnJ2bk9pUTIzcVRqMUpzd0t4cmZHcyI7czo5OiJfcHJldmlvdXMiO2E6Mjp7czozOiJ1cmwiO3M6MzU6Imh0dHBzOi8vd3d3LmNhdGNoaml1aml0c3UuY29tL2xvZ2luIjtzOjU6InJvdXRlIjtzOjU6ImxvZ2luIjt9czo2OiJfZmxhc2giO2E6Mjp7czozOiJvbGQiO2E6MDp7fXM6MzoibmV3IjthOjA6e319fQ==', 1770874775),
('o9trU35Tb5MpyvkhdBjZiBpDOrVWwWAhW0HelncB', NULL, '34.48.201.13', 'Mozilla/5.0 (Windows NT 10.0; WOW64) AppleWebKit/537.36 (KHTML, like Gecko) Chrome/118.0.5993.90 Safari/537.36', 'YToyOntzOjY6Il90b2tlbiI7czo0MDoiaVhsb2E5SmNsQ1Q2eGxJeXp5RXhPOUw2cncwZFNvSGRSV3o5SFBLTiI7czo2OiJfZmxhc2giO2E6Mjp7czozOiJvbGQiO2E6MDp7fXM6MzoibmV3IjthOjA6e319fQ==', 1770869411),
('qAGb46xIKP6bWacdOF96vu10nEn96q9IuvsPaVSn', NULL, '23.178.112.106', 'Mozilla/5.0 (compatible; Let\'s Encrypt validation server; +https://www.letsencrypt.org)', 'YTozOntzOjY6Il90b2tlbiI7czo0MDoibGY4VEJZU2JvczhsNW9aV2I1ZEk3eENPbUJSSWYyUGRyUVFicE12WCI7czo5OiJfcHJldmlvdXMiO2E6Mjp7czozOiJ1cmwiO3M6MzE6Imh0dHBzOi8vY2F0Y2hqaXVqaXRzdS5jb20vbG9naW4iO3M6NToicm91dGUiO3M6NToibG9naW4iO31zOjY6Il9mbGFzaCI7YToyOntzOjM6Im9sZCI7YTowOnt9czozOiJuZXciO2E6MDp7fX19', 1770874758),
('QkJhaQvLs7V1BZ3ZtcsDnTnjYQcb9rVmHPWWTjyS', NULL, '34.48.201.13', 'Mozilla/5.0 (X11; Fedora; Linux x86_64; rv:125.0) Gecko/20100101 Firefox/125.0', 'YToyOntzOjY6Il90b2tlbiI7czo0MDoiN0M2VzZ1ZHgxaVJPYzN1Y3BZQnB1SlU1ckdrbm5vVmtmQm1CcWZrTiI7czo2OiJfZmxhc2giO2E6Mjp7czozOiJvbGQiO2E6MDp7fXM6MzoibmV3IjthOjA6e319fQ==', 1770869413),
('qxrbpGopzjLmMSpfkTuWxTavEQLtwFn7Y0JSklig', NULL, '23.178.112.106', 'Mozilla/5.0 (compatible; Let\'s Encrypt validation server; +https://www.letsencrypt.org)', 'YTozOntzOjY6Il90b2tlbiI7czo0MDoiNTh2WkpyWmN6RkxXMGh6WjZaanQwSlI0aUk1aXdzRm5Cd2lhRVFFOCI7czo5OiJfcHJldmlvdXMiO2E6Mjp7czozOiJ1cmwiO3M6MjU6Imh0dHBzOi8vY2F0Y2hqaXVqaXRzdS5jb20iO3M6NToicm91dGUiO047fXM6NjoiX2ZsYXNoIjthOjI6e3M6Mzoib2xkIjthOjA6e31zOjM6Im5ldyI7YTowOnt9fX0=', 1770874757),
('ri9Y0UicpKqGaInBxpgFkHgfJMbVKfSV3oJt08Ml', NULL, '23.178.112.106', 'Mozilla/5.0 (compatible; Let\'s Encrypt validation server; +https://www.letsencrypt.org)', 'YTozOntzOjY6Il90b2tlbiI7czo0MDoiSnh3akxyU3hzd2VxRTNBZ01sTWZoZTFVbVF2eW5IeVE2SlZxaFpBNSI7czo5OiJfcHJldmlvdXMiO2E6Mjp7czozOiJ1cmwiO3M6MjU6Imh0dHBzOi8vY2F0Y2hqaXVqaXRzdS5jb20iO3M6NToicm91dGUiO047fXM6NjoiX2ZsYXNoIjthOjI6e3M6Mzoib2xkIjthOjA6e31zOjM6Im5ldyI7YTowOnt9fX0=', 1770874757),
('RltLGuSroC9IQMinHCarqtInFtmiPwQWh0q3tMNo', NULL, '54.187.72.126', 'Mozilla/5.0 (Macintosh; Intel Mac OS X 10_15_7) AppleWebKit/537.36 (KHTML, like Gecko) Chrome/133.0.0.0 Safari/537.36', 'YTozOntzOjY6Il90b2tlbiI7czo0MDoiV1lnYVdWSUpwekJKblFuclFyazI3ZFdzUkNZbG1VUm5PcGRJR1lJSiI7czo5OiJfcHJldmlvdXMiO2E6Mjp7czozOiJ1cmwiO3M6MzE6Imh0dHBzOi8vY2F0Y2hqaXVqaXRzdS5jb20vbG9naW4iO3M6NToicm91dGUiO3M6NToibG9naW4iO31zOjY6Il9mbGFzaCI7YToyOntzOjM6Im9sZCI7YTowOnt9czozOiJuZXciO2E6MDp7fX19', 1770872042),
('s5dlxwVWOWl0mQIeAfG7kBiU2IF5u8moZmXThqhI', NULL, '34.48.201.13', 'Mozilla/5.0 (Linux; Android 14; OnePlus 12) AppleWebKit/537.36 (KHTML, like Gecko) Chrome/125.0.6422.102 Mobile Safari/537.36', 'YToyOntzOjY6Il90b2tlbiI7czo0MDoiZFBpQ2Zpc3Q5bzQ3RFJzQVNPbHdRWFJzU1JadmpKemZRRlJlNHJtSyI7czo2OiJfZmxhc2giO2E6Mjp7czozOiJvbGQiO2E6MDp7fXM6MzoibmV3IjthOjA6e319fQ==', 1770869414),
('SCYyc7ieMluLSYAdL5TELokljcYVofX50XX6JCCU', NULL, '23.178.112.107', 'Mozilla/5.0 (compatible; Let\'s Encrypt validation server; +https://www.letsencrypt.org)', 'YTozOntzOjY6Il90b2tlbiI7czo0MDoiYzhNb0pVZlZVSUZ2emZWUTFwTmNOMVducFdndklObVZuQ1U3N093MiI7czo5OiJfcHJldmlvdXMiO2E6Mjp7czozOiJ1cmwiO3M6MjU6Imh0dHBzOi8vY2F0Y2hqaXVqaXRzdS5jb20iO3M6NToicm91dGUiO047fXM6NjoiX2ZsYXNoIjthOjI6e3M6Mzoib2xkIjthOjA6e31zOjM6Im5ldyI7YTowOnt9fX0=', 1770874947),
('sUJhWXmWjZ6KlwN8XokZlucFuYuclcSgopu6ij6B', NULL, '23.178.112.210', 'Mozilla/5.0 (compatible; Let\'s Encrypt validation server; +https://www.letsencrypt.org)', 'YTozOntzOjY6Il90b2tlbiI7czo0MDoiTFJ1b2hCV2kyQmM1N2RBdjlBVUZUU2J6Nk1OQmFSd2N6aHB3RWpOWiI7czo5OiJfcHJldmlvdXMiO2E6Mjp7czozOiJ1cmwiO3M6MjU6Imh0dHBzOi8vY2F0Y2hqaXVqaXRzdS5jb20iO3M6NToicm91dGUiO047fXM6NjoiX2ZsYXNoIjthOjI6e3M6Mzoib2xkIjthOjA6e31zOjM6Im5ldyI7YTowOnt9fX0=', 1770874963),
('SYIPpQPZv1ZMCxo4Mc5MqRgRpy59yqRETrArwsu1', NULL, '34.48.201.13', 'Mozilla/5.0 (Windows NT 10.0; Win64; x64) AppleWebKit/537.36 (KHTML, like Gecko) Chrome/126.0.6478.70 Safari/537.36 Vivaldi/6.7.3200.25', 'YToyOntzOjY6Il90b2tlbiI7czo0MDoiY0pEOVYyMjdubHpoMW1BSkFEeTBvNnB1VEo3YUU1N21lWG1pYVVMbiI7czo2OiJfZmxhc2giO2E6Mjp7czozOiJvbGQiO2E6MDp7fXM6MzoibmV3IjthOjA6e319fQ==', 1770869415),
('tEb0C2eGg6b2vqQCKiAjRsa3NdmYWSB1zIbF5D59', 322, '42.74.128.109', 'Mozilla/5.0 (iPhone; CPU iPhone OS 26_2_1 like Mac OS X) AppleWebKit/605.1.15 (KHTML, like Gecko) CriOS/144.0.7559.95 Mobile/15E148 Safari/604.1', 'YTo1OntzOjY6Il90b2tlbiI7czo0MDoiQ25xU0FCM0hoNHREdTJIOUxFMEFNVXJ6RkRMQXd5ZjRqbmN1WFNVdyI7czozOiJ1cmwiO2E6MDp7fXM6OToiX3ByZXZpb3VzIjthOjI6e3M6MzoidXJsIjtzOjY0OiJodHRwczovL2NhdGNoaml1aml0c3UuY29tL3NjaGVkdWxlP2RhdGU9MjAyNi0wMi0xMyZmaWx0ZXI9QWR1bHRzIjtzOjU6InJvdXRlIjtzOjg6InNjaGVkdWxlIjt9czo2OiJfZmxhc2giO2E6Mjp7czozOiJvbGQiO2E6MDp7fXM6MzoibmV3IjthOjA6e319czo1MDoibG9naW5fd2ViXzU5YmEzNmFkZGMyYjJmOTQwMTU4MGYwMTRjN2Y1OGVhNGUzMDk4OWQiO2k6MzIyO30=', 1770875547),
('VQyBKIVy1qRHO2KksHV1cSKbgVfLr6YRi0b3SaK9', NULL, '66.249.66.10', 'Mozilla/5.0 (compatible; Googlebot/2.1; +http://www.google.com/bot.html)', 'YTozOntzOjY6Il90b2tlbiI7czo0MDoibGc0YkluSGRvVjJNeXpINlllb0VSUEo5MXl5dmJBQ3U1QWhJampNMSI7czo5OiJfcHJldmlvdXMiO2E6Mjp7czozOiJ1cmwiO3M6MzE6Imh0dHBzOi8vY2F0Y2hqaXVqaXRzdS5jb20vbG9naW4iO3M6NToicm91dGUiO3M6NToibG9naW4iO31zOjY6Il9mbGFzaCI7YToyOntzOjM6Im9sZCI7YTowOnt9czozOiJuZXciO2E6MDp7fX19', 1770876922),
('wLX1XgRMJYHzP6jQYm1h6JevgyAFlxAQBA6suU5c', NULL, '34.48.201.13', 'Mozilla/5.0 (Windows NT 10.0; WOW64) AppleWebKit/537.36 (KHTML, like Gecko) Chrome/118.0.5993.90 Safari/537.36', 'YToyOntzOjY6Il90b2tlbiI7czo0MDoiTUx0RTVMa2NYRG1YSjRkaWhFMmV0WHdUZ3lyMjg5amk3V0cyNVZmSyI7czo2OiJfZmxhc2giO2E6Mjp7czozOiJvbGQiO2E6MDp7fXM6MzoibmV3IjthOjA6e319fQ==', 1770869411),
('wnRzY4leAHmw2UQPfNsXukGh1wXAprWkwriCNZ8t', NULL, '23.178.112.211', 'Mozilla/5.0 (compatible; Let\'s Encrypt validation server; +https://www.letsencrypt.org)', 'YTozOntzOjY6Il90b2tlbiI7czo0MDoiamdaWFRaNUJrVEdQbXBqRFluTHYzV2JxR3BQa1g3aTF4TTY0aHBiTiI7czo5OiJfcHJldmlvdXMiO2E6Mjp7czozOiJ1cmwiO3M6MzE6Imh0dHBzOi8vY2F0Y2hqaXVqaXRzdS5jb20vbG9naW4iO3M6NToicm91dGUiO3M6NToibG9naW4iO31zOjY6Il9mbGFzaCI7YToyOntzOjM6Im9sZCI7YTowOnt9czozOiJuZXciO2E6MDp7fX19', 1770874234),
('wQJj1pR1yPIYo0keDFU43v1dWdMZFDJOPO7sR2Lq', NULL, '34.48.201.13', 'Mozilla/5.0 (Windows NT 10.0; Win64; x64) AppleWebKit/537.36 (KHTML, like Gecko) Chrome/126.0.6478.70 Safari/537.36 Vivaldi/6.7.3200.25', 'YToyOntzOjY6Il90b2tlbiI7czo0MDoiNFFWOFl0TkFkOTFqRlA0a3V1cm94dWhCWmJqNVRwZUk5NFB4cHlRVSI7czo2OiJfZmxhc2giO2E6Mjp7czozOiJvbGQiO2E6MDp7fXM6MzoibmV3IjthOjA6e319fQ==', 1770869414),
('XaVcakaLNwcR1fhdpiKR6GXnEc9ZilZXBsg5jMb9', NULL, '23.178.112.210', 'Mozilla/5.0 (compatible; Let\'s Encrypt validation server; +https://www.letsencrypt.org)', 'YTozOntzOjY6Il90b2tlbiI7czo0MDoiazlpc1ZFRXU1MWRaRm9ERnFjSld6UmVhQkJVVGJRU3pKelFaQXZFMiI7czo5OiJfcHJldmlvdXMiO2E6Mjp7czozOiJ1cmwiO3M6MzE6Imh0dHBzOi8vY2F0Y2hqaXVqaXRzdS5jb20vbG9naW4iO3M6NToicm91dGUiO3M6NToibG9naW4iO31zOjY6Il9mbGFzaCI7YToyOntzOjM6Im9sZCI7YTowOnt9czozOiJuZXciO2E6MDp7fX19', 1770874965),
('Z3rj51VCe9at0rIf55ICxZphYamLZVWEVz7GX0k8', NULL, '170.106.197.109', 'Mozilla/5.0 (iPhone; CPU iPhone OS 13_2_3 like Mac OS X) AppleWebKit/605.1.15 (KHTML, like Gecko) Version/13.0.3 Mobile/15E148 Safari/604.1', 'YTozOntzOjY6Il90b2tlbiI7czo0MDoiekdMNEh3U0MwOW5PQXVqU2pTcUo1NnJLVkk3OXdxbTZ0aWh1U0ZiSiI7czo5OiJfcHJldmlvdXMiO2E6Mjp7czozOiJ1cmwiO3M6MjU6Imh0dHBzOi8vY2F0Y2hqaXVqaXRzdS5jb20iO3M6NToicm91dGUiO047fXM6NjoiX2ZsYXNoIjthOjI6e3M6Mzoib2xkIjthOjA6e31zOjM6Im5ldyI7YTowOnt9fX0=', 1770873961),
('ZfUBYBayRqmzUKaMEZ5BmjReqdXzasU7qCjk0zUR', NULL, '66.249.69.195', 'Mozilla/5.0 (Linux; Android 6.0.1; Nexus 5X Build/MMB29P) AppleWebKit/537.36 (KHTML, like Gecko) Chrome/144.0.7559.132 Mobile Safari/537.36 (compatible; Googlebot/2.1; +http://www.google.com/bot.html)', 'YTozOntzOjY6Il90b2tlbiI7czo0MDoiVEdySmxqZVdscnNoZXZsRVJEbFpKQndaU252WHRrWUtvdW1WSHNMTSI7czo5OiJfcHJldmlvdXMiO2E6Mjp7czozOiJ1cmwiO3M6MzU6Imh0dHBzOi8vd3d3LmNhdGNoaml1aml0c3UuY29tL2xvZ2luIjtzOjU6InJvdXRlIjtzOjU6ImxvZ2luIjt9czo2OiJfZmxhc2giO2E6Mjp7czozOiJvbGQiO2E6MDp7fXM6MzoibmV3IjthOjA6e319fQ==', 1770876642);

-- --------------------------------------------------------

--
-- Table structure for table `users`
--

CREATE TABLE `users` (
  `id` bigint(20) UNSIGNED NOT NULL,
  `first_name` varchar(255) NOT NULL,
  `last_name` varchar(255) DEFAULT NULL,
  `email` varchar(255) NOT NULL,
  `phone` varchar(50) DEFAULT NULL,
  `chinese_name` varchar(255) DEFAULT NULL,
  `belt_color` varchar(50) DEFAULT 'White Belt',
  `line_id` varchar(255) DEFAULT NULL,
  `line_notify_token` varchar(500) DEFAULT NULL,
  `gender` enum('male','female','other') NOT NULL DEFAULT 'male',
  `age_group` enum('Kids','Adults') NOT NULL DEFAULT 'Adults',
  `membership_package_id` bigint(20) UNSIGNED DEFAULT NULL,
  `membership_status` enum('active','expired','pending','none') NOT NULL DEFAULT 'none',
  `membership_expires_at` date DEFAULT NULL,
  `classes_remaining` int(11) DEFAULT NULL,
  `membership_expiry_reminder_sent_at` date DEFAULT NULL,
  `classes_zero_reminder_sent_at` timestamp NULL DEFAULT NULL,
  `last_reengagement_line_sent_at` timestamp NULL DEFAULT NULL,
  `dob` date DEFAULT NULL,
  `email_verified_at` timestamp NULL DEFAULT NULL,
  `password` varchar(255) NOT NULL,
  `rank` enum('White','Grey','Yellow','Orange','Green','Blue','Purple','Brown','Black') DEFAULT 'White',
  `belt_variation` enum('white','solid','black') DEFAULT NULL,
  `stripes` int(11) NOT NULL DEFAULT 0,
  `mat_hours` int(11) NOT NULL DEFAULT 0,
  `monthly_class_goal` int(11) NOT NULL DEFAULT 12,
  `monthly_hours_goal` int(11) NOT NULL DEFAULT 15,
  `reminders_enabled` tinyint(1) NOT NULL DEFAULT 1,
  `public_profile` tinyint(1) NOT NULL DEFAULT 0,
  `locale` varchar(10) DEFAULT 'en',
  `is_admin` tinyint(1) NOT NULL DEFAULT 0,
  `is_coach` tinyint(1) NOT NULL DEFAULT 0,
  `accepting_private_classes` tinyint(1) NOT NULL DEFAULT 0,
  `private_class_price` decimal(10,2) DEFAULT NULL,
  `discount_type` enum('none','gratis','fixed','percentage','half_price') NOT NULL DEFAULT 'none',
  `discount_amount` int(11) NOT NULL DEFAULT 0,
  `discount_percentage` int(11) NOT NULL DEFAULT 0,
  `avatar_url` varchar(255) DEFAULT NULL,
  `remember_token` varchar(100) DEFAULT NULL,
  `created_at` timestamp NULL DEFAULT NULL,
  `updated_at` timestamp NULL DEFAULT NULL
) ENGINE=InnoDB DEFAULT CHARSET=utf8mb4 COLLATE=utf8mb4_unicode_ci;

--
-- Dumping data for table `users`
--

INSERT INTO `users` (`id`, `first_name`, `last_name`, `email`, `phone`, `chinese_name`, `belt_color`, `line_id`, `line_notify_token`, `gender`, `age_group`, `membership_package_id`, `membership_status`, `membership_expires_at`, `classes_remaining`, `membership_expiry_reminder_sent_at`, `classes_zero_reminder_sent_at`, `last_reengagement_line_sent_at`, `dob`, `email_verified_at`, `password`, `rank`, `belt_variation`, `stripes`, `mat_hours`, `monthly_class_goal`, `monthly_hours_goal`, `reminders_enabled`, `public_profile`, `locale`, `is_admin`, `is_coach`, `accepting_private_classes`, `private_class_price`, `discount_type`, `discount_amount`, `discount_percentage`, `avatar_url`, `remember_token`, `created_at`, `updated_at`) VALUES
(1, 'Daniel', 'Reid', 'catchjiujitsu@gmail.com', NULL, '李大牛', 'White', NULL, NULL, 'male', 'Adults', NULL, 'none', NULL, NULL, NULL, NULL, NULL, '2013-02-06', NULL, '$2y$12$.u7bx94o.yI9v0GI1dHfmOIVedeIOFSeXiCgTIf8A62bBOJSdyCbC', 'White', NULL, 0, 0, 12, 15, 1, 1, 'en', 1, 0, 0, NULL, 'none', 0, 0, NULL, NULL, '2025-07-28 09:17:56', '2026-02-05 09:36:49'),
(205, 'Yi', 'Huang', 'Yihelsing666@icloud.com', NULL, '', 'Blue', NULL, NULL, 'male', 'Adults', 6, 'active', '2026-04-06', NULL, NULL, NULL, NULL, '1990-08-15', NULL, '$2y$12$.u7bx94o.yI9v0GI1dHfmOIVedeIOFSeXiCgTIf8A62bBOJSdyCbC', 'Blue', NULL, 0, 0, 12, 15, 1, 1, 'en', 0, 0, 0, NULL, 'none', 0, 0, NULL, NULL, '2025-07-28 13:29:17', '2026-01-31 07:01:10'),
(206, 'Ya Zhu', 'Liu', 'syrupe777@gmail.com', NULL, '', 'Blue', NULL, NULL, 'female', 'Adults', 3, 'active', '2026-02-07', NULL, NULL, NULL, NULL, NULL, NULL, '$2y$12$.u7bx94o.yI9v0GI1dHfmOIVedeIOFSeXiCgTIf8A62bBOJSdyCbC', 'Blue', NULL, 0, 0, 12, 15, 1, 1, 'en', 0, 0, 0, NULL, 'none', 0, 0, 'avatars/206_1770021995.jpg', NULL, '2025-07-28 13:29:17', '2026-02-02 08:46:54'),
(207, 'Emma', 'Huang', 'savikihanna1214@gmail.com', NULL, '黃思語', 'White', NULL, NULL, 'female', 'Kids', 6, 'active', '2026-09-25', NULL, NULL, NULL, NULL, '2018-07-18', NULL, '$2y$12$.u7bx94o.yI9v0GI1dHfmOIVedeIOFSeXiCgTIf8A62bBOJSdyCbC', 'White', NULL, 4, 28, 12, 15, 1, 1, 'en', 0, 0, 0, NULL, 'none', 0, 0, 'avatars/207_1770017146.jpg', 'UWqcn2HV17ACNlwRlIrUR244lmeKSlG6yX81wew38zzuh2IROfqPeXbJYdWI', '2025-07-28 00:00:00', '2026-02-09 03:33:10'),
(208, 'Jimmy', 'Lee', 'jeehyungl+catchjj@gmail.com', NULL, '', 'Brown', NULL, NULL, 'male', 'Adults', NULL, 'none', NULL, NULL, NULL, NULL, NULL, NULL, NULL, '$2y$12$.u7bx94o.yI9v0GI1dHfmOIVedeIOFSeXiCgTIf8A62bBOJSdyCbC', 'Brown', NULL, 2, 0, 12, 15, 1, 1, 'en', 0, 1, 0, NULL, 'gratis', 0, 0, 'avatars/208_1770607554.jpg', NULL, '2025-07-28 13:29:17', '2026-02-09 03:25:54'),
(210, 'SAKUTARO', 'MIZUGUCHI', 'miku.koshino1025@gmail.com', NULL, '', 'Grey', NULL, NULL, 'male', 'Kids', 3, 'active', '2026-03-09', NULL, NULL, NULL, NULL, '2017-03-05', NULL, '$2y$12$.u7bx94o.yI9v0GI1dHfmOIVedeIOFSeXiCgTIf8A62bBOJSdyCbC', 'Grey', 'white', 1, 28, 12, 15, 1, 1, 'en', 0, 0, 0, NULL, 'none', 0, 0, 'avatars/210_1770016120.jpg', NULL, '2025-07-28 13:29:17', '2026-02-05 12:41:17'),
(212, 'Leo', 'Yen', 'expensive422@hotmail.com', NULL, '', 'Blue', NULL, NULL, 'male', 'Adults', 4, 'active', '2026-02-08', NULL, NULL, NULL, NULL, NULL, NULL, '$2y$12$.u7bx94o.yI9v0GI1dHfmOIVedeIOFSeXiCgTIf8A62bBOJSdyCbC', 'Blue', NULL, 0, 0, 12, 15, 1, 1, 'en', 0, 0, 0, NULL, 'none', 0, 0, 'avatars/212_1770017304.jpg', NULL, '2025-07-28 13:29:17', '2026-02-02 07:28:44'),
(213, 'Art', 'Hung', 'hosoyu@gmail.com', NULL, '', 'Purple', NULL, NULL, 'male', 'Adults', 3, 'expired', '2026-01-10', NULL, NULL, NULL, NULL, '1977-01-07', NULL, '$2y$12$.u7bx94o.yI9v0GI1dHfmOIVedeIOFSeXiCgTIf8A62bBOJSdyCbC', 'Purple', NULL, 0, 0, 12, 15, 1, 1, 'en', 0, 0, 0, NULL, 'none', 0, 0, NULL, NULL, '2025-07-28 13:29:17', '2026-02-02 07:03:53'),
(214, 'Roxie', 'Weng', 'nicoleweng0711@gmail.com', NULL, '', 'Grey', NULL, NULL, 'female', 'Kids', 3, 'active', '2026-05-04', NULL, NULL, NULL, NULL, '2013-05-07', NULL, '$2y$12$.u7bx94o.yI9v0GI1dHfmOIVedeIOFSeXiCgTIf8A62bBOJSdyCbC', 'Grey', 'white', 0, 19, 12, 15, 1, 1, 'en', 0, 0, 0, NULL, 'none', 0, 0, 'avatars/214_1770016236.jpg', NULL, '2025-07-28 13:29:17', '2026-02-05 12:43:27'),
(215, 'Jin', 'Yang', 'sammihain@gmail.com', NULL, '', 'White', NULL, NULL, 'female', 'Kids', 4, 'active', '2026-04-15', NULL, NULL, NULL, NULL, '2017-05-12', NULL, '$2y$12$.u7bx94o.yI9v0GI1dHfmOIVedeIOFSeXiCgTIf8A62bBOJSdyCbC', 'White', NULL, 3, 26, 12, 15, 1, 1, 'en', 0, 0, 0, NULL, 'fixed', 500, 0, 'avatars/215_1770008133.jpg', NULL, '2025-07-28 13:29:17', '2026-02-05 12:43:51'),
(216, 'José', 'Wang', 'r0970228123@gmail.com', NULL, '', 'White', NULL, NULL, 'male', 'Adults', 3, 'active', '2026-03-03', NULL, NULL, NULL, NULL, NULL, NULL, '$2y$12$.u7bx94o.yI9v0GI1dHfmOIVedeIOFSeXiCgTIf8A62bBOJSdyCbC', 'White', NULL, 3, 0, 12, 15, 1, 1, 'en', 0, 1, 0, NULL, 'fixed', 2000, 0, 'avatars/216_1770023291.jpg', 'Mbf0cw9Cg1uYan0CRfCtyiVE78UFWj1Jm2Y8UUQym3oeBWDZiNzYOPVC103B', '2025-07-28 13:29:17', '2026-02-10 03:18:04'),
(217, 'Ray', 'Chen', 'wjj359930004@gmail.com', NULL, '陳沐汯', 'White', NULL, NULL, 'male', 'Kids', 6, 'active', '2026-07-21', NULL, NULL, NULL, NULL, '2018-06-17', NULL, '$2y$12$.u7bx94o.yI9v0GI1dHfmOIVedeIOFSeXiCgTIf8A62bBOJSdyCbC', 'White', NULL, 3, 31, 12, 15, 1, 1, 'en', 0, 0, 0, NULL, 'none', 0, 0, 'avatars/217_1770016328.jpg', NULL, '2025-07-28 13:29:17', '2026-02-05 11:44:36'),
(218, 'Calyssa', 'Madrid', 'calyssa.madrid@gmail.com', NULL, '', 'Purple', NULL, NULL, 'male', 'Adults', 3, 'active', '2026-03-09', NULL, NULL, NULL, NULL, '1991-08-05', NULL, '$2y$12$.u7bx94o.yI9v0GI1dHfmOIVedeIOFSeXiCgTIf8A62bBOJSdyCbC', 'Purple', NULL, 2, 0, 12, 18, 1, 1, 'en', 0, 1, 1, 1000.00, 'none', 0, 0, 'avatars/218_1770017049.jpg', NULL, '2025-07-28 13:29:17', '2026-02-09 02:13:26'),
(219, 'Ian', 'Yang', 'cincin821012@gmail.com', NULL, '', 'White', NULL, NULL, 'male', 'Kids', 4, 'active', '2026-04-15', NULL, NULL, NULL, NULL, '2018-06-15', NULL, '$2y$12$.u7bx94o.yI9v0GI1dHfmOIVedeIOFSeXiCgTIf8A62bBOJSdyCbC', 'White', NULL, 2, 23, 12, 15, 1, 1, 'en', 0, 0, 0, NULL, 'fixed', 500, 0, 'avatars/219_1770007995.jpg', NULL, '2025-07-28 13:29:17', '2026-02-05 12:43:46'),
(220, '靖希Lion', '羅', 'alice723kimo@gmail.com', NULL, '羅靖希', 'White', NULL, NULL, 'male', 'Kids', 6, 'active', '2026-12-21', NULL, NULL, NULL, NULL, '2014-08-03', NULL, '$2y$12$.u7bx94o.yI9v0GI1dHfmOIVedeIOFSeXiCgTIf8A62bBOJSdyCbC', 'White', NULL, 3, 23, 12, 15, 1, 1, 'en', 0, 0, 0, NULL, 'none', 0, 0, 'avatars/220_1770022830.jpg', NULL, '2025-07-28 00:00:00', '2026-02-09 03:39:05'),
(227, 'GEN-RAN', 'LIU', 'monica08073360316@yahoo.com.tw', NULL, '劉艮然', 'White', NULL, NULL, 'male', 'Kids', 3, 'active', '2026-02-18', NULL, NULL, NULL, NULL, '2018-11-17', NULL, '$2y$12$.u7bx94o.yI9v0GI1dHfmOIVedeIOFSeXiCgTIf8A62bBOJSdyCbC', 'White', NULL, 3, 7, 12, 15, 1, 1, 'en', 0, 0, 0, NULL, 'none', 0, 0, 'avatars/227_1770015100.jpg', NULL, '2025-07-28 00:00:00', '2026-02-05 12:40:55'),
(229, 'RuRu', 'Zhuāng', 'Guai518@gmail.com', NULL, '', 'White', NULL, NULL, 'female', 'Kids', 3, 'active', '2026-02-26', NULL, NULL, NULL, NULL, '2014-10-14', NULL, '$2y$12$.u7bx94o.yI9v0GI1dHfmOIVedeIOFSeXiCgTIf8A62bBOJSdyCbC', 'White', NULL, 2, 27, 12, 15, 1, 1, 'en', 0, 0, 0, NULL, 'fixed', 500, 0, 'avatars/229_1770016187.jpg', NULL, '2025-07-28 13:29:17', '2026-02-05 12:44:03'),
(230, 'Uriel', 'Velasco Wu', 'wuyichun@gmail.com', NULL, '吳塏澄', 'Grey', NULL, NULL, 'male', 'Kids', 6, 'active', '2027-10-07', NULL, NULL, NULL, NULL, '2017-03-23', NULL, '$2y$12$.u7bx94o.yI9v0GI1dHfmOIVedeIOFSeXiCgTIf8A62bBOJSdyCbC', 'Grey', 'white', 0, 19, 12, 15, 1, 1, 'en', 0, 0, 0, NULL, 'none', 0, 0, 'avatars/230_1770017494.jpg', NULL, '2025-07-28 13:29:17', '2026-02-05 12:42:55'),
(231, 'Gina黃芮鈞', 'Huang', 'qk6lca@hotmail.com', NULL, '黃芮鈞', 'Grey', NULL, NULL, 'female', 'Kids', 6, 'active', '2026-10-13', NULL, NULL, NULL, NULL, '2016-12-08', NULL, '$2y$12$.u7bx94o.yI9v0GI1dHfmOIVedeIOFSeXiCgTIf8A62bBOJSdyCbC', 'Grey', 'white', 0, 30, 12, 15, 1, 1, 'en', 0, 0, 0, NULL, 'none', 0, 0, 'avatars/231_1770007723.jpg', NULL, '2025-07-28 13:29:17', '2026-02-05 11:45:41'),
(233, 'min-han', 'Kuo', 'mk160907@gmail.com', NULL, '', 'Purple', NULL, NULL, 'male', 'Adults', 6, 'active', '2026-03-16', NULL, NULL, NULL, NULL, NULL, NULL, '$2y$12$.u7bx94o.yI9v0GI1dHfmOIVedeIOFSeXiCgTIf8A62bBOJSdyCbC', 'Purple', NULL, 2, 0, 12, 15, 1, 1, 'en', 0, 0, 0, NULL, 'none', 0, 0, NULL, NULL, '2025-07-28 13:29:17', '2026-02-02 13:36:28'),
(234, 'Mike', 'Hsieh', 'wowbudd87@gmail.com', NULL, '', 'Blue', NULL, NULL, 'male', 'Adults', 3, 'active', '2026-02-03', NULL, NULL, NULL, NULL, NULL, NULL, '$2y$12$.u7bx94o.yI9v0GI1dHfmOIVedeIOFSeXiCgTIf8A62bBOJSdyCbC', 'Blue', NULL, 0, 0, 12, 15, 1, 1, 'en', 0, 0, 0, NULL, 'none', 0, 0, NULL, NULL, '2025-07-28 13:29:17', '2026-02-02 07:55:15'),
(235, 'Lin 俊安', '林', 'minoru04@hotmail.com', NULL, '', 'Brown', NULL, NULL, 'male', 'Adults', NULL, 'none', NULL, NULL, NULL, NULL, NULL, '2025-11-30', NULL, '$2y$12$.u7bx94o.yI9v0GI1dHfmOIVedeIOFSeXiCgTIf8A62bBOJSdyCbC', 'Brown', NULL, 0, 0, 12, 15, 1, 1, 'en', 0, 0, 0, NULL, 'gratis', 0, 0, NULL, NULL, '2025-07-28 00:00:00', '2026-02-02 07:52:42'),
(237, 'Fay', 'Lin', 'faylin1029@gmail.com', NULL, '', 'White', NULL, NULL, 'female', 'Adults', 3, 'active', '2026-03-09', NULL, NULL, NULL, NULL, NULL, NULL, '$2y$12$.u7bx94o.yI9v0GI1dHfmOIVedeIOFSeXiCgTIf8A62bBOJSdyCbC', 'White', NULL, 1, 0, 12, 15, 1, 1, 'en', 0, 0, 0, NULL, 'none', 0, 0, NULL, NULL, '2025-07-28 13:29:17', '2026-02-02 13:35:02'),
(238, 'Bryan', 'Zhuāng', 'Guai0613@yahoo.com.tw', NULL, '莊力樽', 'White', NULL, NULL, 'male', 'Kids', 4, 'active', '2026-02-26', NULL, NULL, NULL, NULL, '2017-01-09', NULL, '$2y$12$.u7bx94o.yI9v0GI1dHfmOIVedeIOFSeXiCgTIf8A62bBOJSdyCbC', 'White', NULL, 3, 27, 12, 15, 1, 1, 'en', 0, 0, 0, NULL, 'fixed', 500, 0, 'avatars/238_1770014750.jpg', NULL, '2025-07-28 00:00:00', '2026-02-10 03:15:44'),
(244, 'Charles', 'Huang', 'jj093236@gmail.com', NULL, '黃鏹宸', 'Purple', NULL, NULL, 'male', 'Adults', 3, 'active', '2026-02-15', NULL, NULL, NULL, NULL, '1997-09-24', NULL, '$2y$12$.u7bx94o.yI9v0GI1dHfmOIVedeIOFSeXiCgTIf8A62bBOJSdyCbC', 'Purple', NULL, 0, 0, 12, 15, 1, 1, 'en', 0, 1, 0, NULL, 'fixed', 2000, 0, 'avatars/244_1770007359.jpg', NULL, '2025-07-28 13:29:17', '2026-02-02 04:42:52'),
(248, 'Ryder', 'Tseng', 'tin5286@gmail.com', NULL, '', 'White', NULL, NULL, 'male', 'Kids', 3, 'active', '2026-02-25', NULL, NULL, NULL, NULL, '2014-04-24', NULL, '$2y$12$.u7bx94o.yI9v0GI1dHfmOIVedeIOFSeXiCgTIf8A62bBOJSdyCbC', 'White', NULL, 3, 7, 12, 15, 1, 1, 'en', 0, 0, 0, NULL, 'fixed', 500, 0, 'avatars/248_1770016154.jpg', NULL, '2025-07-28 13:29:17', '2026-02-05 12:42:42'),
(249, 'Lillian', 'Tseng', 'lillian990316@gmail.com', NULL, '', 'Grey', NULL, NULL, 'female', 'Kids', 3, 'active', '2026-02-13', NULL, NULL, NULL, NULL, '2010-03-16', NULL, '$2y$12$.u7bx94o.yI9v0GI1dHfmOIVedeIOFSeXiCgTIf8A62bBOJSdyCbC', 'Grey', 'white', 0, 2, 12, 15, 1, 1, 'en', 0, 0, 0, NULL, 'fixed', 500, 0, 'avatars/249_1770016650.jpg', NULL, '2025-07-28 13:29:17', '2026-02-05 12:42:38'),
(250, 'Katherine', 'Tseng', 'love_popo83@yahoo.com.tw', NULL, '', 'White', NULL, NULL, 'female', 'Kids', 3, 'active', '2026-02-25', NULL, NULL, NULL, NULL, '2012-03-26', NULL, '$2y$12$.u7bx94o.yI9v0GI1dHfmOIVedeIOFSeXiCgTIf8A62bBOJSdyCbC', 'White', NULL, 4, 6, 12, 15, 1, 1, 'en', 0, 0, 0, NULL, 'fixed', 500, 0, 'avatars/250_1770008190.jpg', NULL, '2025-07-28 13:29:17', '2026-02-05 12:42:33'),
(252, 'Howard', 'Wang', 'sophia730517@gmail.com', NULL, '王心皓', 'White', NULL, NULL, 'male', 'Kids', 4, 'active', '2026-04-07', NULL, NULL, NULL, NULL, '2017-02-17', NULL, '$2y$12$.u7bx94o.yI9v0GI1dHfmOIVedeIOFSeXiCgTIf8A62bBOJSdyCbC', 'White', NULL, 3, 17, 12, 15, 1, 1, 'en', 0, 0, 0, NULL, 'none', 0, 0, 'avatars/252_1770016948.jpg', NULL, '2025-07-28 13:29:17', '2026-02-09 03:34:57'),
(255, 'Ariel', 'Liu', 'candy1999a@hotmail.com', NULL, '劉愛迦', 'White', NULL, NULL, 'female', 'Kids', 3, 'active', '2026-02-24', NULL, NULL, NULL, NULL, '2015-01-23', NULL, '$2y$12$.u7bx94o.yI9v0GI1dHfmOIVedeIOFSeXiCgTIf8A62bBOJSdyCbC', 'White', NULL, 4, 26, 12, 15, 1, 1, 'en', 0, 0, 0, NULL, 'fixed', 500, 0, 'avatars/255_1770014643.jpg', NULL, '2025-07-28 00:00:00', '2026-02-05 12:40:46'),
(257, 'Victor', 'Liu', 'ben6632@hotmail.com', NULL, '劉允裔', 'White', NULL, NULL, 'male', 'Kids', 3, 'active', '2026-02-24', NULL, NULL, NULL, NULL, '2017-07-03', NULL, '$2y$12$.u7bx94o.yI9v0GI1dHfmOIVedeIOFSeXiCgTIf8A62bBOJSdyCbC', 'White', NULL, 4, 27, 12, 15, 1, 1, 'en', 0, 0, 0, NULL, 'fixed', 500, 0, 'avatars/257_1770017517.jpg', NULL, '2025-07-28 00:00:00', '2026-02-09 03:37:35'),
(259, 'Vicky', 'Wang', 'vickywang07022@gmail.com', NULL, '王婷', 'White', NULL, NULL, 'female', 'Adults', 3, 'active', '2026-02-10', NULL, NULL, NULL, NULL, '1994-07-22', NULL, '$2y$12$.u7bx94o.yI9v0GI1dHfmOIVedeIOFSeXiCgTIf8A62bBOJSdyCbC', 'White', NULL, 2, 0, 12, 15, 1, 1, 'en', 0, 0, 0, NULL, 'none', 0, 0, NULL, NULL, '2025-07-28 13:29:17', '2026-02-02 13:37:25'),
(260, 'Rui', 'Rui', 'a0927428852@gmail.com', NULL, '', 'White', NULL, NULL, 'male', 'Kids', NULL, 'none', NULL, NULL, NULL, NULL, NULL, '2016-08-18', NULL, '$2y$12$.u7bx94o.yI9v0GI1dHfmOIVedeIOFSeXiCgTIf8A62bBOJSdyCbC', 'White', NULL, 0, 0, 12, 15, 1, 1, 'en', 0, 0, 0, NULL, 'none', 0, 0, NULL, NULL, '2025-07-28 13:29:17', '2026-02-02 07:26:31'),
(262, 'Frank', 'Yang', 'glh2gh152@gmail.com', NULL, NULL, 'Blue', NULL, NULL, 'male', 'Adults', 4, 'active', '2026-04-19', NULL, NULL, NULL, NULL, NULL, NULL, '$2y$12$.u7bx94o.yI9v0GI1dHfmOIVedeIOFSeXiCgTIf8A62bBOJSdyCbC', 'Blue', NULL, 0, 0, 12, 15, 1, 1, 'en', 0, 0, 0, NULL, 'none', 0, 0, NULL, NULL, '2025-07-28 13:29:17', '2026-02-02 07:51:01'),
(263, 'Marvin', 'Rommelt', 'marvin.roemmelt@gmail.com', NULL, '', 'Blue', NULL, NULL, 'male', 'Adults', 3, 'active', '2026-03-01', NULL, NULL, NULL, NULL, NULL, NULL, '$2y$12$.u7bx94o.yI9v0GI1dHfmOIVedeIOFSeXiCgTIf8A62bBOJSdyCbC', 'Blue', NULL, 0, 0, 12, 57, 0, 1, 'en', 0, 0, 0, NULL, 'none', 0, 0, 'avatars/6989b169e81f6_1770631529.jpg', NULL, '2025-07-28 13:29:17', '2026-02-09 10:05:29'),
(264, 'Sunny', 'Xiao', 'stsunny729@gmail.com', NULL, '蕭聖儒', 'White', NULL, NULL, 'male', 'Adults', 4, 'active', '2026-04-29', NULL, NULL, NULL, NULL, '1988-07-31', NULL, '$2y$12$.u7bx94o.yI9v0GI1dHfmOIVedeIOFSeXiCgTIf8A62bBOJSdyCbC', 'White', NULL, 2, 0, 12, 15, 1, 1, 'en', 0, 0, 0, NULL, 'none', 0, 0, NULL, NULL, '2025-07-28 13:29:17', '2026-02-02 08:44:28'),
(266, 'Jacob', 'Narimatsu Lennon', 'sakinarimatsu@gmail.com', NULL, '', 'White', NULL, NULL, 'male', 'Kids', 3, 'active', '2026-03-07', NULL, NULL, NULL, NULL, '2014-04-29', NULL, '$2y$12$.u7bx94o.yI9v0GI1dHfmOIVedeIOFSeXiCgTIf8A62bBOJSdyCbC', 'White', NULL, 4, 18, 12, 15, 1, 1, 'en', 0, 0, 0, NULL, 'none', 0, 0, 'avatars/266_1770016868.jpg', NULL, '2025-07-28 00:00:00', '2026-02-10 03:16:51'),
(268, 'Locky', 'Locky', 'a515055@hotmail.com.tw', NULL, NULL, 'White', NULL, NULL, 'male', 'Adults', 3, 'active', '2026-02-15', NULL, NULL, NULL, NULL, NULL, NULL, '$2y$12$.u7bx94o.yI9v0GI1dHfmOIVedeIOFSeXiCgTIf8A62bBOJSdyCbC', 'White', NULL, 4, 0, 12, 15, 1, 1, 'en', 0, 0, 0, NULL, 'none', 0, 0, NULL, NULL, '2025-07-28 13:29:17', '2026-02-02 07:53:09'),
(270, 'Felix', 'Wu', 't3849967@hotmail.com', NULL, '伍以勒', 'White', NULL, NULL, 'male', 'Kids', 6, 'active', '2026-08-18', NULL, NULL, NULL, NULL, '2018-06-25', NULL, '$2y$12$.u7bx94o.yI9v0GI1dHfmOIVedeIOFSeXiCgTIf8A62bBOJSdyCbC', 'White', NULL, 3, 22, 12, 15, 1, 1, 'en', 0, 0, 0, NULL, 'none', 0, 0, 'avatars/270_1770015017.jpg', NULL, '2025-07-28 00:00:00', '2026-02-05 12:43:30'),
(271, 'Dan', 'Mitchell', 'daniu1971@gmail.com', NULL, '', 'White', NULL, NULL, 'male', 'Adults', 6, 'active', '2026-09-23', NULL, NULL, NULL, NULL, NULL, NULL, '$2y$12$.u7bx94o.yI9v0GI1dHfmOIVedeIOFSeXiCgTIf8A62bBOJSdyCbC', 'White', NULL, 0, 0, 12, 15, 1, 1, 'en', 0, 0, 0, NULL, 'none', 0, 0, NULL, NULL, '2025-07-28 13:29:17', '2026-02-02 07:41:16'),
(272, 'James', 'Wen', 'Wk961014@gmail.com', NULL, '温禮聲', 'Purple', NULL, NULL, 'male', 'Adults', NULL, 'none', NULL, NULL, NULL, NULL, NULL, '1984-06-05', NULL, '$2y$12$.u7bx94o.yI9v0GI1dHfmOIVedeIOFSeXiCgTIf8A62bBOJSdyCbC', 'Purple', NULL, 0, 0, 12, 15, 1, 1, 'zh-TW', 0, 1, 1, 1000.00, 'gratis', 0, 0, 'avatars/272_1770007239.jpg', 'tijilWYqUm0VwYAUkJRaaQSLC9SouQf1fQSEMhibLCX1bbGboWPFSsnLjJ4s', '2025-07-28 13:29:17', '2026-02-05 06:09:22'),
(273, 'Anthony', 'Sun', 'anthony33710@gmail.com', NULL, NULL, 'Purple', NULL, NULL, 'male', 'Adults', 7, 'active', '2026-02-27', 4, NULL, NULL, NULL, NULL, NULL, '$2y$12$.u7bx94o.yI9v0GI1dHfmOIVedeIOFSeXiCgTIf8A62bBOJSdyCbC', 'Purple', NULL, 0, 0, 12, 15, 1, 1, 'en', 0, 0, 0, NULL, 'none', 0, 0, NULL, NULL, '2025-07-28 13:29:17', '2026-02-05 12:10:24'),
(274, 'Oscar', 'Wen', 'Oscar925@gmail.com', NULL, '温詠勛', 'Grey', NULL, NULL, 'male', 'Kids', 3, 'active', '2026-02-15', NULL, NULL, NULL, NULL, '2012-09-25', NULL, '$2y$12$.u7bx94o.yI9v0GI1dHfmOIVedeIOFSeXiCgTIf8A62bBOJSdyCbC', 'Grey', 'white', 1, 11, 12, 15, 1, 1, 'en', 0, 0, 0, NULL, 'fixed', 500, 0, 'avatars/274_1770016389.jpg', NULL, '2025-07-28 13:29:17', '2026-02-09 03:38:46'),
(275, 'Melody', 'Wen', 'Jasmine05030425@gmail.com', NULL, '温樂芙', 'White', NULL, NULL, 'female', 'Kids', 3, 'active', '2026-02-15', NULL, NULL, NULL, NULL, '2015-05-02', NULL, '$2y$12$.u7bx94o.yI9v0GI1dHfmOIVedeIOFSeXiCgTIf8A62bBOJSdyCbC', 'White', NULL, 4, 16, 12, 15, 1, 1, 'en', 0, 0, 0, NULL, 'fixed', 500, 0, 'avatars/275_1770016467.jpg', NULL, '2025-07-28 13:29:17', '2026-02-05 05:58:01'),
(276, 'Wei Shiang', 'Wang', 'pominbvt@gmail.com', NULL, '', 'Black', NULL, NULL, 'male', 'Adults', NULL, 'none', NULL, NULL, NULL, NULL, NULL, '2025-11-30', NULL, '$2y$12$.u7bx94o.yI9v0GI1dHfmOIVedeIOFSeXiCgTIf8A62bBOJSdyCbC', 'Black', NULL, 0, 0, 12, 15, 1, 1, 'en', 0, 0, 0, NULL, 'gratis', 0, 0, NULL, NULL, '2025-07-28 00:00:00', '2026-01-31 07:23:59'),
(277, 'Lee 稘錄', '李', 'sonia70903@gmail.com', NULL, '', 'White', NULL, NULL, 'male', 'Adults', 3, 'active', '2026-02-09', NULL, NULL, NULL, NULL, NULL, NULL, '$2y$12$.u7bx94o.yI9v0GI1dHfmOIVedeIOFSeXiCgTIf8A62bBOJSdyCbC', 'White', NULL, 0, 0, 12, 15, 1, 1, 'en', 0, 0, 0, NULL, 'none', 0, 0, NULL, NULL, '2025-07-28 13:29:17', '2026-02-02 07:29:29'),
(279, 'Joe', 'Chien', 'spider800502@gmail.com', NULL, '', 'Purple', NULL, NULL, 'male', 'Adults', 3, 'active', '2026-02-14', NULL, NULL, NULL, NULL, NULL, NULL, '$2y$12$.u7bx94o.yI9v0GI1dHfmOIVedeIOFSeXiCgTIf8A62bBOJSdyCbC', 'Purple', NULL, 0, 0, 12, 15, 1, 1, 'en', 0, 0, 0, NULL, 'none', 0, 0, NULL, NULL, '2025-07-28 13:29:17', '2026-01-31 06:50:00'),
(280, 'Ryan', 'Liu', 'ted4540@gmail.com', NULL, '', 'Blue', NULL, NULL, 'male', 'Adults', NULL, 'none', NULL, NULL, NULL, NULL, NULL, NULL, NULL, '$2y$12$.u7bx94o.yI9v0GI1dHfmOIVedeIOFSeXiCgTIf8A62bBOJSdyCbC', 'Blue', NULL, 0, 0, 12, 15, 1, 1, 'en', 0, 0, 0, NULL, 'none', 0, 0, 'avatars/280_1770628472.jpg', NULL, '2025-07-28 13:29:17', '2026-02-09 09:14:32'),
(281, 'Bryan', 'Engert', 'bryanengert@gmail.com', NULL, '', 'Purple', NULL, NULL, 'male', 'Adults', 3, 'active', '2026-02-02', NULL, NULL, NULL, NULL, NULL, NULL, '$2y$12$.u7bx94o.yI9v0GI1dHfmOIVedeIOFSeXiCgTIf8A62bBOJSdyCbC', 'Purple', NULL, 2, 0, 12, 15, 1, 1, 'en', 0, 0, 0, NULL, 'none', 0, 0, NULL, NULL, '2025-07-28 13:29:17', '2026-01-31 06:53:04'),
(282, 'Cinthia', 'Chuang', 'cinthia.chuang@gmail.com', NULL, '', 'Blue', NULL, NULL, 'female', 'Adults', 3, 'active', '2026-02-09', NULL, NULL, NULL, NULL, '1988-06-12', NULL, '$2y$12$.u7bx94o.yI9v0GI1dHfmOIVedeIOFSeXiCgTIf8A62bBOJSdyCbC', 'Blue', NULL, 0, 0, 12, 15, 1, 1, 'en', 0, 0, 0, NULL, 'none', 0, 0, NULL, NULL, '2025-07-28 13:29:17', '2026-01-31 06:51:23'),
(283, '宇松 Eason', '吳 Wu', 'evonne1011@gmail.com', NULL, '', 'White', NULL, NULL, 'male', 'Kids', 3, 'expired', '2026-01-18', NULL, NULL, NULL, NULL, '2017-10-31', NULL, '$2y$12$.u7bx94o.yI9v0GI1dHfmOIVedeIOFSeXiCgTIf8A62bBOJSdyCbC', 'White', NULL, 2, 4, 12, 15, 1, 1, 'en', 0, 0, 0, NULL, 'none', 0, 0, 'avatars/283_1770015955.jpg', NULL, '2025-07-28 00:00:00', '2026-02-05 12:44:16'),
(287, 'Zosia', 'Kuo', 'damian211182@wp.pl', NULL, '', 'White', NULL, NULL, 'female', 'Kids', 5, 'active', '2026-02-03', NULL, NULL, NULL, NULL, '2017-09-20', NULL, '$2y$12$.u7bx94o.yI9v0GI1dHfmOIVedeIOFSeXiCgTIf8A62bBOJSdyCbC', 'White', NULL, 3, 11, 12, 15, 1, 1, 'en', 0, 0, 0, NULL, 'none', 0, 0, 'avatars/287_1770016040.jpg', NULL, '2025-07-28 13:29:17', '2026-02-05 12:26:08'),
(289, 'Jarret', 'Chang', 'jarretchang@gmail.com', NULL, '', 'Blue', NULL, NULL, 'male', 'Adults', 7, 'none', '2026-03-01', 3, NULL, NULL, NULL, '1981-12-08', NULL, '$2y$12$.u7bx94o.yI9v0GI1dHfmOIVedeIOFSeXiCgTIf8A62bBOJSdyCbC', 'Blue', NULL, 0, 0, 12, 15, 1, 1, 'en', 0, 0, 0, NULL, 'none', 0, 0, NULL, NULL, '2025-07-28 13:29:17', '2026-02-11 01:12:49'),
(291, 'Allen', 'Tsai', 'mltsaiusa@gmail.com', NULL, NULL, 'White', NULL, NULL, 'male', 'Adults', 7, 'active', '2026-04-10', 8, NULL, NULL, NULL, NULL, NULL, '$2y$12$.u7bx94o.yI9v0GI1dHfmOIVedeIOFSeXiCgTIf8A62bBOJSdyCbC', 'White', NULL, 1, 0, 12, 15, 1, 1, 'en', 0, 0, 0, NULL, 'none', 0, 0, NULL, NULL, '2025-07-28 00:00:00', '2026-02-04 14:22:22'),
(293, 'Jojo', 'Tsai', 'vivichiu@gmail.com', NULL, '蔡昕妍', 'White', NULL, NULL, 'female', 'Kids', 3, 'expired', '2026-01-25', NULL, NULL, NULL, NULL, '2015-05-30', NULL, '$2y$12$.u7bx94o.yI9v0GI1dHfmOIVedeIOFSeXiCgTIf8A62bBOJSdyCbC', 'White', NULL, 4, 6, 12, 15, 1, 1, 'en', 0, 0, 0, NULL, 'fixed', 500, 0, NULL, NULL, '2025-07-28 00:00:00', '2026-02-05 12:42:22'),
(296, 'Martin 育霆', '蘇SU', 'martin77309@yahoo.com.tw', NULL, '', 'White', NULL, NULL, 'male', 'Adults', 7, 'active', '2026-05-01', 6, NULL, NULL, NULL, NULL, NULL, '$2y$12$.u7bx94o.yI9v0GI1dHfmOIVedeIOFSeXiCgTIf8A62bBOJSdyCbC', 'Blue', NULL, 0, 0, 12, 15, 1, 1, 'en', 0, 0, 0, NULL, 'none', 0, 0, NULL, NULL, '2025-07-28 13:29:17', '2026-02-05 12:04:39'),
(298, 'Steven', 'Lee', 'zen3503@gmail.com', NULL, '', 'Blue', NULL, NULL, 'male', 'Adults', NULL, 'none', NULL, NULL, NULL, NULL, NULL, '1998-11-28', NULL, '$2y$12$.u7bx94o.yI9v0GI1dHfmOIVedeIOFSeXiCgTIf8A62bBOJSdyCbC', 'Blue', NULL, 0, 0, 12, 15, 1, 1, 'en', 0, 1, 0, NULL, 'gratis', 0, 0, 'avatars/697d9adb3fcab_1769839323.jpg', NULL, '2025-07-28 13:29:17', '2026-01-31 06:02:03'),
(299, 'Jia', 'Chen', 'miriamhsiao68@gmail.com', NULL, '陳加', 'White', NULL, NULL, 'female', 'Kids', 6, 'active', '2026-09-15', NULL, NULL, NULL, NULL, '2018-01-12', NULL, '$2y$12$.u7bx94o.yI9v0GI1dHfmOIVedeIOFSeXiCgTIf8A62bBOJSdyCbC', 'White', NULL, 3, 20, 12, 15, 1, 1, 'en', 0, 0, 0, NULL, 'none', 0, 0, 'avatars/299_1770016849.jpg', NULL, '2025-07-28 13:29:17', '2026-02-05 11:44:29'),
(300, 'Yi', 'Chen', '397380000H@gmail.com', NULL, '陳億', 'White', NULL, NULL, 'male', 'Kids', 6, 'active', '2026-09-15', NULL, NULL, NULL, NULL, '2019-05-16', NULL, '$2y$12$.u7bx94o.yI9v0GI1dHfmOIVedeIOFSeXiCgTIf8A62bBOJSdyCbC', 'White', NULL, 4, 25, 12, 15, 1, 1, 'en', 0, 0, 0, NULL, 'none', 0, 0, 'avatars/300_1770008370.jpg', NULL, '2025-07-28 00:00:00', '2026-02-09 03:34:39'),
(301, 'Paul', 'Tseng', 'laserlol5678@gmail.com', NULL, NULL, 'White', NULL, NULL, 'male', 'Adults', 7, 'active', '2026-04-17', 9, NULL, NULL, NULL, NULL, NULL, '$2y$12$.u7bx94o.yI9v0GI1dHfmOIVedeIOFSeXiCgTIf8A62bBOJSdyCbC', 'White', NULL, 0, 0, 12, 15, 1, 1, 'en', 0, 0, 0, NULL, 'none', 0, 0, NULL, NULL, '2025-07-28 13:29:17', '2026-02-02 07:55:54'),
(302, 'Brody', 'Lee', 'hsintienlee@gmail.com', NULL, '', 'White', NULL, NULL, 'male', 'Kids', 3, 'active', '2026-01-29', NULL, NULL, NULL, NULL, '2018-11-30', NULL, '$2y$12$.u7bx94o.yI9v0GI1dHfmOIVedeIOFSeXiCgTIf8A62bBOJSdyCbC', 'White', NULL, 3, 6, 12, 15, 1, 1, 'en', 0, 0, 0, NULL, 'none', 0, 0, 'avatars/302_1770014774.jpg', NULL, '2025-07-28 00:00:00', '2026-02-05 12:26:18'),
(303, 'Nini', 'Hsieh', 'weirudu05@gmail.com', NULL, '謝昀臻', 'White', NULL, NULL, 'female', 'Kids', 3, 'active', '2026-03-05', NULL, NULL, NULL, NULL, '2013-01-09', NULL, '$2y$12$.u7bx94o.yI9v0GI1dHfmOIVedeIOFSeXiCgTIf8A62bBOJSdyCbC', 'Grey', 'white', 0, 13, 12, 15, 1, 1, 'en', 0, 0, 0, NULL, 'fixed', 1000, 0, 'avatars/303_1770016425.jpg', NULL, '2025-07-28 13:29:17', '2026-02-05 11:45:03'),
(304, 'Ethan', 'Hsieh', 'rae05130922@gmail.com', NULL, '謝政廷', 'White', NULL, NULL, 'male', 'Kids', 3, 'active', '2026-02-06', NULL, NULL, NULL, NULL, '2015-11-16', NULL, '$2y$12$.u7bx94o.yI9v0GI1dHfmOIVedeIOFSeXiCgTIf8A62bBOJSdyCbC', 'White', NULL, 3, 6, 12, 15, 1, 1, 'en', 0, 0, 0, NULL, 'fixed', 1000, 0, 'avatars/304_1770024934.jpg', NULL, '2025-07-28 00:00:00', '2026-02-05 11:45:00'),
(305, 'Maja', 'Maja', 'gnom3000@gmail.com', NULL, '', 'Grey', NULL, NULL, 'female', 'Kids', 3, 'active', '2026-02-17', NULL, NULL, NULL, NULL, '2017-06-10', NULL, '$2y$12$.u7bx94o.yI9v0GI1dHfmOIVedeIOFSeXiCgTIf8A62bBOJSdyCbC', 'Grey', 'white', 0, 10, 12, 15, 1, 1, 'en', 0, 0, 0, NULL, 'none', 0, 0, 'avatars/305_1770197027.jpg', NULL, '2025-07-28 13:29:17', '2026-02-05 12:41:12'),
(307, 'Ian', 'Chan', 'zhanyien9@gmail.com', NULL, '', 'White', NULL, NULL, 'male', 'Adults', 3, 'active', '2026-03-11', NULL, NULL, NULL, NULL, '2004-02-09', NULL, '$2y$12$.u7bx94o.yI9v0GI1dHfmOIVedeIOFSeXiCgTIf8A62bBOJSdyCbC', 'White', NULL, 2, 0, 12, 15, 1, 1, 'en', 0, 0, 0, NULL, 'none', 0, 0, NULL, NULL, '2025-07-28 13:29:17', '2026-02-02 13:35:18'),
(308, 'Eve', 'Tsai', 'thisburger@hotmail.com', NULL, '', 'White', NULL, NULL, 'female', 'Kids', 3, 'active', '2026-02-02', NULL, NULL, NULL, NULL, '2018-12-15', NULL, '$2y$12$.u7bx94o.yI9v0GI1dHfmOIVedeIOFSeXiCgTIf8A62bBOJSdyCbC', 'White', NULL, 1, 1, 12, 15, 1, 1, 'en', 0, 0, 0, NULL, 'none', 0, 0, NULL, NULL, '2025-07-28 00:00:00', '2026-02-05 12:42:06'),
(312, 'Xiaoniu', 'Chen', 'as45600083@gmail.com', NULL, 'none', 'Blue', NULL, NULL, 'male', 'Adults', 3, 'active', '2026-02-02', NULL, NULL, NULL, NULL, '2002-02-22', NULL, '$2y$12$.u7bx94o.yI9v0GI1dHfmOIVedeIOFSeXiCgTIf8A62bBOJSdyCbC', 'Blue', NULL, 0, 0, 12, 15, 1, 1, 'en', 0, 0, 0, NULL, 'none', 0, 0, 'avatars/697d93b61079b_1769837494.jpg', NULL, '2025-07-28 13:29:17', '2026-01-31 05:39:37'),
(313, 'Ray', 'Wu', 'rayson881806@gmail.com', NULL, NULL, 'White', NULL, NULL, 'male', 'Adults', 7, 'active', '2026-04-20', 9, NULL, NULL, NULL, NULL, NULL, '$2y$12$.u7bx94o.yI9v0GI1dHfmOIVedeIOFSeXiCgTIf8A62bBOJSdyCbC', 'White', NULL, 3, 0, 12, 15, 1, 1, 'en', 0, 0, 0, NULL, 'none', 0, 0, NULL, NULL, '2025-07-28 13:29:17', '2026-02-02 13:36:43'),
(314, 'Zoe', 'Chu', 'chuzoe77@hotmail.com', NULL, '朱善孺', 'Purple', NULL, NULL, 'female', 'Adults', 3, 'active', '2026-02-14', NULL, NULL, NULL, NULL, '1985-07-07', NULL, '$2y$12$.u7bx94o.yI9v0GI1dHfmOIVedeIOFSeXiCgTIf8A62bBOJSdyCbC', 'Purple', NULL, 0, 0, 12, 15, 1, 1, 'en', 0, 1, 0, NULL, 'fixed', 2000, 0, 'avatars/314_1770015210.jpg', 'uhiAryU0asuho69nzXjqvVmYuxPMF9pP2rPTP0fvqwRLOPfLuZTAJrYbmFyS', '2025-07-28 13:29:17', '2026-02-02 06:53:30'),
(317, 'ShuShu', 'Chen', 'billychen7172@gmail.com', NULL, NULL, 'Blue', NULL, NULL, 'male', 'Adults', NULL, 'none', NULL, NULL, NULL, NULL, NULL, NULL, NULL, '$2y$12$.u7bx94o.yI9v0GI1dHfmOIVedeIOFSeXiCgTIf8A62bBOJSdyCbC', 'Blue', NULL, 0, 0, 12, 15, 1, 1, 'en', 0, 0, 0, NULL, 'gratis', 0, 0, NULL, NULL, '2025-07-28 00:00:00', '2026-01-31 06:48:16'),
(322, 'Justin', 'Klemm', 'jwklemm@gmail.com', NULL, '', 'Black', NULL, NULL, 'male', 'Adults', NULL, 'none', NULL, NULL, NULL, NULL, NULL, NULL, NULL, '$2y$12$.u7bx94o.yI9v0GI1dHfmOIVedeIOFSeXiCgTIf8A62bBOJSdyCbC', 'Black', NULL, 0, 0, 12, 15, 1, 1, 'en', 0, 1, 0, NULL, 'none', 0, 0, 'avatars/322_1770007783.jpg', NULL, '2025-07-28 13:29:17', '2026-02-02 04:50:47'),
(326, 'Astrid', 'Huang', 'astrid.rf.huang@gmail.com', NULL, '', 'White', NULL, NULL, 'female', 'Kids', 6, 'active', '2026-04-06', NULL, NULL, NULL, NULL, '2015-05-06', NULL, '$2y$12$.u7bx94o.yI9v0GI1dHfmOIVedeIOFSeXiCgTIf8A62bBOJSdyCbC', 'White', NULL, 2, 18, 12, 15, 1, 1, 'en', 0, 0, 0, NULL, 'none', 0, 0, 'avatars/326_1770015862.jpg', NULL, '2025-07-28 00:00:00', '2026-02-05 11:45:23'),
(327, 'Abigail', 'Huang', 'abigail.rh.huang@gmail.com', NULL, '', 'White', NULL, NULL, 'female', 'Kids', 3, 'active', '2026-04-06', NULL, NULL, NULL, NULL, '2017-08-11', NULL, '$2y$12$.u7bx94o.yI9v0GI1dHfmOIVedeIOFSeXiCgTIf8A62bBOJSdyCbC', 'White', NULL, 3, 17, 12, 15, 1, 1, 'en', 0, 0, 0, NULL, 'none', 0, 0, 'avatars/69802c038c903_1770007555.jpg', 'eJIamx8bf3zPVjuZOOtaLYnqCVeDeBOUOLmFwmBjYU7QHPHp1zNR2ih2TAos', '2025-07-28 13:29:17', '2026-02-09 07:34:52'),
(330, 'Hana', 'Tsai', 'hanatsai1029@gmail.com', NULL, '', 'White', NULL, NULL, 'female', 'Kids', 3, 'active', '2026-01-25', NULL, NULL, NULL, NULL, '2018-10-29', NULL, '$2y$12$.u7bx94o.yI9v0GI1dHfmOIVedeIOFSeXiCgTIf8A62bBOJSdyCbC', 'White', NULL, 1, 4, 12, 15, 1, 1, 'en', 0, 0, 0, NULL, 'fixed', 500, 0, NULL, NULL, '2025-07-28 00:00:00', '2026-02-05 12:42:17'),
(332, 'Mark', 'Wang', 'zero6411559@gmail.com', NULL, NULL, 'Blue', NULL, NULL, 'male', 'Adults', NULL, 'none', NULL, NULL, NULL, NULL, NULL, NULL, NULL, '$2y$12$.u7bx94o.yI9v0GI1dHfmOIVedeIOFSeXiCgTIf8A62bBOJSdyCbC', 'Blue', NULL, 0, 0, 12, 15, 1, 1, 'en', 0, 0, 0, NULL, 'gratis', 0, 0, NULL, NULL, '2025-07-28 00:00:00', '2026-02-02 07:53:25'),
(341, '林 Sean', '義順', 'hmxercoz@gmail.com', NULL, '', 'White', NULL, NULL, 'male', 'Adults', NULL, 'none', NULL, NULL, NULL, NULL, NULL, NULL, NULL, '$2y$12$.u7bx94o.yI9v0GI1dHfmOIVedeIOFSeXiCgTIf8A62bBOJSdyCbC', 'White', NULL, 0, 0, 12, 15, 1, 1, 'en', 0, 0, 0, NULL, 'none', 0, 0, NULL, NULL, '2025-07-28 13:29:17', '2025-12-19 03:38:09'),
(342, 'Marín', 'Kelley', 'marinloreauxkelley@gmail.com', NULL, '', 'White', NULL, NULL, 'female', 'Kids', 3, 'active', '2026-02-10', NULL, NULL, NULL, NULL, '2012-11-24', NULL, '$2y$12$.u7bx94o.yI9v0GI1dHfmOIVedeIOFSeXiCgTIf8A62bBOJSdyCbC', 'White', NULL, 2, 21, 12, 15, 1, 1, 'en', 0, 0, 0, NULL, 'fixed', 500, 0, 'avatars/342_1770016561.jpg', NULL, '2025-07-28 13:29:17', '2026-02-09 06:03:24'),
(343, 'Mae', 'Kelley', 'lomemargotkelley@gmail.com', NULL, '', 'White', NULL, NULL, 'female', 'Kids', 3, 'active', '2026-02-10', NULL, NULL, NULL, NULL, '2014-08-18', NULL, '$2y$12$.u7bx94o.yI9v0GI1dHfmOIVedeIOFSeXiCgTIf8A62bBOJSdyCbC', 'White', NULL, 3, 24, 20, 20, 1, 1, 'zh-TW', 0, 0, 0, NULL, 'fixed', 500, 0, 'avatars/343_1770016630.jpg', NULL, '2025-07-28 13:29:17', '2026-02-05 06:13:34'),
(344, 'Rose', 'Kelley', 'narrarosekelley@gmail.com', NULL, '', 'White', NULL, NULL, 'female', 'Kids', 3, 'active', '2026-02-10', NULL, NULL, NULL, NULL, '2016-02-15', NULL, '$2y$12$.u7bx94o.yI9v0GI1dHfmOIVedeIOFSeXiCgTIf8A62bBOJSdyCbC', 'White', NULL, 2, 28, 12, 15, 1, 1, 'en', 0, 0, 0, NULL, 'fixed', 500, 0, 'avatars/344_1770016271.jpg', NULL, '2025-07-28 13:29:17', '2026-02-05 11:46:20'),
(347, 'Matteo 林', '恩農', 'ssitkdolch02@gmail.com', NULL, NULL, 'White', NULL, NULL, 'male', 'Adults', 4, 'active', '2026-03-11', NULL, NULL, NULL, NULL, NULL, NULL, '$2y$12$.u7bx94o.yI9v0GI1dHfmOIVedeIOFSeXiCgTIf8A62bBOJSdyCbC', 'White', NULL, 1, 0, 12, 15, 1, 1, 'en', 0, 0, 0, NULL, 'none', 0, 0, NULL, NULL, '2025-07-28 13:29:17', '2026-02-02 07:54:08'),
(348, 'Leonidas', 'Li', 'monofondle@gmail.com', NULL, NULL, 'Brown', NULL, NULL, 'male', 'Adults', NULL, 'none', NULL, NULL, NULL, NULL, NULL, NULL, NULL, '$2y$12$.u7bx94o.yI9v0GI1dHfmOIVedeIOFSeXiCgTIf8A62bBOJSdyCbC', 'Brown', NULL, 0, 0, 12, 15, 1, 1, 'en', 0, 0, 0, NULL, 'none', 0, 0, NULL, NULL, '2025-07-28 13:29:17', '2025-12-19 03:38:09'),
(349, 'Parker', 'Hsieh', 'a-hsieh@hotmail.com', NULL, NULL, 'White', NULL, NULL, 'male', 'Adults', NULL, 'none', NULL, NULL, NULL, NULL, NULL, NULL, NULL, '$2y$12$.u7bx94o.yI9v0GI1dHfmOIVedeIOFSeXiCgTIf8A62bBOJSdyCbC', 'White', NULL, 0, 0, 12, 15, 1, 1, 'en', 0, 0, 0, NULL, 'none', 0, 0, NULL, NULL, '2025-07-28 13:29:17', '2025-11-19 02:49:42'),
(350, 'Game', 'Lin', 'lyl325125@gmail.com', NULL, '', 'White', NULL, NULL, 'male', 'Kids', 9, 'active', '2026-02-19', NULL, NULL, NULL, NULL, '2018-12-11', NULL, '$2y$12$.u7bx94o.yI9v0GI1dHfmOIVedeIOFSeXiCgTIf8A62bBOJSdyCbC', 'White', NULL, 2, 30, 12, 15, 1, 1, 'en', 0, 0, 0, NULL, 'fixed', 500, 0, 'avatars/350_1770016995.jpg', NULL, '2025-07-28 00:00:00', '2026-02-05 12:26:39'),
(351, 'Melody', 'Lin', 'art1005121@gmail.com', NULL, '林靖寰', 'White', NULL, NULL, 'female', 'Kids', 3, 'active', '2026-02-19', NULL, NULL, NULL, NULL, '2017-02-01', NULL, '$2y$12$.u7bx94o.yI9v0GI1dHfmOIVedeIOFSeXiCgTIf8A62bBOJSdyCbC', 'White', NULL, 2, 30, 12, 15, 1, 1, 'en', 0, 0, 0, NULL, 'fixed', 500, 0, 'avatars/351_1770016515.jpg', NULL, '2025-07-28 13:29:17', '2026-02-05 12:40:34'),
(352, 'Elijah', 'Bunt', 'yufang.mia@gmail.com', NULL, '龐伊萊', 'Grey', NULL, NULL, 'male', 'Kids', 3, 'active', '2026-02-14', NULL, NULL, NULL, NULL, '2012-09-16', NULL, '$2y$12$.u7bx94o.yI9v0GI1dHfmOIVedeIOFSeXiCgTIf8A62bBOJSdyCbC', 'Grey', 'white', 2, 17, 12, 15, 1, 1, 'en', 0, 0, 0, NULL, 'fixed', 500, 0, 'avatars/352_1770014950.jpg', NULL, '2025-07-28 13:29:17', '2026-02-05 11:44:10'),
(353, 'Skyler', 'Bunt', 'donnbunt2@gmail.com', NULL, '龐思愷', 'White', NULL, NULL, 'male', 'Kids', 3, 'active', '2026-02-14', NULL, NULL, NULL, NULL, '2015-04-25', NULL, '$2y$12$.u7bx94o.yI9v0GI1dHfmOIVedeIOFSeXiCgTIf8A62bBOJSdyCbC', 'White', NULL, 4, 13, 12, 15, 1, 1, 'en', 0, 0, 0, NULL, 'fixed', 500, 0, 'avatars/353_1770016091.jpg', NULL, '2025-07-28 13:29:17', '2026-02-05 11:44:20'),
(355, 'Tao', 'Lin', 'Lindo.ldd@gmail.com', NULL, '', 'White', NULL, NULL, 'male', 'Adults', NULL, 'none', NULL, NULL, NULL, NULL, NULL, '2017-04-25', NULL, '$2y$12$.u7bx94o.yI9v0GI1dHfmOIVedeIOFSeXiCgTIf8A62bBOJSdyCbC', 'White', NULL, 0, 0, 12, 15, 1, 1, 'en', 0, 0, 0, NULL, 'gratis', 0, 0, NULL, NULL, '2025-07-28 13:29:17', '2026-02-02 09:09:23'),
(358, '權恩', '吳', 'kooko26969@gmail.com', NULL, NULL, 'White', NULL, NULL, 'male', 'Adults', NULL, 'none', NULL, NULL, NULL, NULL, NULL, NULL, NULL, '$2y$12$.u7bx94o.yI9v0GI1dHfmOIVedeIOFSeXiCgTIf8A62bBOJSdyCbC', 'White', NULL, 0, 0, 12, 15, 1, 1, 'en', 0, 0, 0, NULL, 'none', 0, 0, NULL, NULL, '2025-07-28 13:29:17', '2025-12-19 03:56:13'),
(366, 'Damian', 'Damian', 'damiancatchjj@gmail.com', NULL, '', 'White', NULL, NULL, 'male', 'Adults', 5, 'expired', '2026-01-31', NULL, NULL, NULL, NULL, NULL, NULL, '$2y$12$.u7bx94o.yI9v0GI1dHfmOIVedeIOFSeXiCgTIf8A62bBOJSdyCbC', 'White', NULL, 1, 0, 12, 15, 1, 1, 'en', 0, 0, 0, NULL, 'none', 0, 0, NULL, NULL, '2025-07-28 13:29:17', '2026-02-02 13:34:36'),
(373, 'Audrey', 'Hwang', 'aliceyangsd19@gmail.com', NULL, '', 'White', NULL, NULL, 'female', 'Kids', 4, 'active', '2026-03-23', NULL, NULL, NULL, NULL, '2019-04-07', NULL, '$2y$12$.u7bx94o.yI9v0GI1dHfmOIVedeIOFSeXiCgTIf8A62bBOJSdyCbC', 'White', NULL, 1, 13, 12, 15, 1, 1, 'en', 0, 0, 0, NULL, 'fixed', 500, 0, 'avatars/373_1770196375.jpg', NULL, '2025-07-28 00:00:00', '2026-02-11 14:25:35'),
(374, 'Ethan', 'Hwang', 'aliceyangtw1@outlook.com', NULL, '', 'White', NULL, NULL, 'male', 'Kids', 4, 'active', '2026-03-23', NULL, NULL, NULL, NULL, '2020-07-11', NULL, '$2y$12$.u7bx94o.yI9v0GI1dHfmOIVedeIOFSeXiCgTIf8A62bBOJSdyCbC', 'White', NULL, 1, 13, 12, 15, 1, 1, 'en', 0, 0, 0, NULL, 'none', 0, 0, 'avatars/374_1770196396.jpg', NULL, '2025-07-28 00:00:00', '2026-02-11 14:27:25'),
(376, 'Brenn', 'Etable', 'etablebrenn@gmail.com', NULL, '', 'Blue', NULL, NULL, 'male', 'Adults', 7, 'active', '2026-03-07', 5, NULL, NULL, NULL, '1988-10-15', NULL, '$2y$12$.u7bx94o.yI9v0GI1dHfmOIVedeIOFSeXiCgTIf8A62bBOJSdyCbC', 'Blue', NULL, 0, 0, 12, 15, 1, 1, 'en', 0, 0, 0, NULL, 'none', 0, 0, NULL, NULL, '2025-07-28 13:29:17', '2026-01-31 06:53:35'),
(377, 'Tess', 'Ku', 'cocaine1116@gmail.com', NULL, '古昀巧', 'Grey', NULL, NULL, 'female', 'Kids', NULL, 'none', NULL, NULL, NULL, NULL, NULL, '2015-12-28', NULL, '$2y$12$.u7bx94o.yI9v0GI1dHfmOIVedeIOFSeXiCgTIf8A62bBOJSdyCbC', 'Grey', 'white', 0, 4, 12, 15, 1, 1, 'en', 0, 0, 0, NULL, 'gratis', 0, 0, NULL, NULL, '2025-07-28 00:00:00', '2026-02-05 11:46:23'),
(378, '陳', '登宜', 'love6072592@gmail.com', NULL, '陳登宜', 'White', NULL, NULL, 'male', 'Adults', NULL, 'none', NULL, NULL, NULL, NULL, NULL, '2001-01-23', NULL, '$2y$12$.u7bx94o.yI9v0GI1dHfmOIVedeIOFSeXiCgTIf8A62bBOJSdyCbC', 'White', NULL, 0, 0, 12, 15, 1, 1, 'en', 0, 0, 0, NULL, 'none', 0, 0, NULL, NULL, '2025-07-28 13:29:17', '2025-12-19 05:11:55'),
(380, 'Emily', 'Yang', 'wetashtray@gmail.com', NULL, '', 'Grey', NULL, NULL, 'female', 'Kids', NULL, 'none', NULL, NULL, NULL, NULL, NULL, '2015-06-22', NULL, '$2y$12$.u7bx94o.yI9v0GI1dHfmOIVedeIOFSeXiCgTIf8A62bBOJSdyCbC', 'Grey', 'white', 0, 2, 12, 15, 1, 1, 'en', 0, 0, 0, NULL, 'gratis', 0, 0, NULL, NULL, '2025-07-28 00:00:00', '2026-02-05 12:43:43'),
(382, 'Keimo', 'Batik', 'keimobatik@gmail.com', NULL, '', 'Blue', NULL, NULL, 'male', 'Adults', NULL, 'none', NULL, NULL, NULL, NULL, NULL, '1995-07-27', NULL, '$2y$12$.u7bx94o.yI9v0GI1dHfmOIVedeIOFSeXiCgTIf8A62bBOJSdyCbC', 'Blue', NULL, 0, 0, 12, 15, 1, 1, 'en', 0, 1, 0, NULL, 'gratis', 0, 0, NULL, 'LUOCTOPvp57bnAsjAvOGGDogkmOdwRqNYej0EdMEIyvvcECeMVkHcuGXwoPK', '2025-07-28 13:29:17', '2026-02-02 07:52:27'),
(389, '宇哲', '黃', 'huang1234765@gmail.com', NULL, NULL, 'White', NULL, NULL, 'male', 'Adults', 7, 'active', '2026-04-10', NULL, NULL, NULL, NULL, NULL, NULL, '$2y$12$.u7bx94o.yI9v0GI1dHfmOIVedeIOFSeXiCgTIf8A62bBOJSdyCbC', 'White', NULL, 0, 0, 12, 15, 1, 1, 'en', 0, 0, 0, NULL, 'none', 0, 0, NULL, NULL, '2025-07-28 13:29:17', '2026-02-02 09:14:49'),
(402, 'Dan', 'Reid', 'funkdizzle@gmail.com', NULL, 'none', 'Black', 'U30806ae7fc9ccb46dfd92025d9edf649', NULL, 'male', 'Adults', 1, 'active', '2026-02-11', NULL, '2026-02-11', NULL, NULL, '1983-02-02', NULL, '$2y$12$.u7bx94o.yI9v0GI1dHfmOIVedeIOFSeXiCgTIf8A62bBOJSdyCbC', 'Black', NULL, 3, 0, 12, 15, 1, 1, 'en', 0, 1, 0, NULL, 'none', 0, 0, 'avatars/402_1769841361.jpg', NULL, '2025-07-29 10:26:25', '2026-02-10 09:13:13'),
(403, 'Philip', 'Lawrence', 'lawrencephil81@gmail.com', NULL, '', 'Brown', NULL, NULL, 'male', 'Adults', NULL, 'none', NULL, NULL, NULL, NULL, NULL, '1982-06-19', NULL, '$2y$12$.u7bx94o.yI9v0GI1dHfmOIVedeIOFSeXiCgTIf8A62bBOJSdyCbC', 'Brown', NULL, 2, 0, 12, 15, 1, 1, 'en', 0, 0, 0, NULL, 'gratis', 0, 0, NULL, NULL, '2025-07-29 12:25:58', '2026-02-05 06:02:59'),
(415, 'Peter', 'Lee', 'peter19910829@gmail.com', NULL, '李政諺', 'White', NULL, NULL, 'male', 'Adults', NULL, 'none', NULL, NULL, NULL, NULL, NULL, '2025-08-13', NULL, '$2y$12$.u7bx94o.yI9v0GI1dHfmOIVedeIOFSeXiCgTIf8A62bBOJSdyCbC', 'White', NULL, 1, 0, 12, 15, 1, 1, 'en', 0, 0, 0, NULL, 'gratis', 0, 0, 'avatars/415_1770041986.jpg', NULL, '2025-08-06 05:41:32', '2026-02-02 22:19:51'),
(416, 'Ricky', 'Lin', 'rickys0613@gmail.com', NULL, '林睿祈', 'White', NULL, NULL, 'male', 'Adults', NULL, 'none', NULL, NULL, NULL, NULL, NULL, '1999-06-13', NULL, '$2y$12$.u7bx94o.yI9v0GI1dHfmOIVedeIOFSeXiCgTIf8A62bBOJSdyCbC', 'White', NULL, 0, 0, 12, 15, 1, 1, 'en', 0, 0, 0, NULL, 'none', 0, 0, NULL, NULL, '2025-08-14 06:10:51', '2026-01-13 15:11:50'),
(417, 'Feng', 'Hung', 'hung19820125@gmail.com', NULL, '', 'White', NULL, NULL, 'male', 'Adults', 6, 'active', '2026-11-25', NULL, NULL, NULL, NULL, NULL, NULL, '$2y$12$.u7bx94o.yI9v0GI1dHfmOIVedeIOFSeXiCgTIf8A62bBOJSdyCbC', 'White', NULL, 0, 0, 12, 15, 1, 1, 'en', 0, 0, 0, NULL, 'none', 0, 0, NULL, NULL, '2025-08-14 06:13:33', '2026-01-31 07:01:47'),
(419, 'Kuan', 'Liu', 'kuankuan540@gmail.com', NULL, NULL, 'White', NULL, NULL, 'male', 'Adults', NULL, 'none', NULL, NULL, NULL, NULL, NULL, NULL, NULL, '$2y$12$.u7bx94o.yI9v0GI1dHfmOIVedeIOFSeXiCgTIf8A62bBOJSdyCbC', 'White', NULL, 0, 0, 12, 15, 1, 1, 'en', 0, 0, 0, NULL, 'none', 0, 0, NULL, NULL, '2025-08-14 06:18:29', '2025-12-19 03:38:09'),
(420, 'Mia', 'Qiu', 'Mia1051104@gmail.com', NULL, '邱子喬', 'White', NULL, NULL, 'female', 'Kids', 3, 'active', '2026-02-28', NULL, NULL, NULL, NULL, '2016-11-04', NULL, '$2y$12$.u7bx94o.yI9v0GI1dHfmOIVedeIOFSeXiCgTIf8A62bBOJSdyCbC', 'White', NULL, 1, 17, 12, 15, 1, 1, 'en', 0, 0, 0, NULL, 'fixed', 500, 0, 'avatars/420_1770196582.jpg', NULL, '2025-08-14 06:20:13', '2026-02-05 12:41:41'),
(421, 'Cynthia', 'Qiu', 'cc1040801@gmail.com', NULL, '邱鋙心', 'White', NULL, NULL, 'female', 'Kids', 3, 'active', '2026-02-28', NULL, NULL, NULL, NULL, '2015-08-01', NULL, '$2y$12$.u7bx94o.yI9v0GI1dHfmOIVedeIOFSeXiCgTIf8A62bBOJSdyCbC', 'White', NULL, 1, 10, 12, 15, 1, 1, 'en', 0, 0, 0, NULL, 'fixed', 500, 0, 'avatars/421_1770196527.jpg', NULL, '2025-08-14 00:00:00', '2026-02-05 12:41:31'),
(428, 'Emma', 'Coach', 'sweet19931521+member@gmail.com', NULL, 'none', 'Purple', 'Udcf0661a23da4d66122d8e90eff43806', NULL, 'male', 'Adults', 1, 'active', '2026-02-11', NULL, '2026-02-11', NULL, NULL, '1993-01-05', NULL, '$2y$12$.u7bx94o.yI9v0GI1dHfmOIVedeIOFSeXiCgTIf8A62bBOJSdyCbC', 'Purple', NULL, 0, 0, 12, 15, 1, 1, 'en', 0, 1, 0, NULL, 'none', 0, 0, NULL, NULL, '2025-08-18 04:45:00', '2026-02-10 09:16:52'),
(435, 'Jocelyn', 'Shen', 'ifritefire@gmail.com', NULL, '沈樂晴', 'White', NULL, NULL, 'female', 'Kids', 4, 'active', '2026-03-14', NULL, NULL, NULL, NULL, '2013-10-01', NULL, '$2y$12$.u7bx94o.yI9v0GI1dHfmOIVedeIOFSeXiCgTIf8A62bBOJSdyCbC', 'White', NULL, 4, 18, 12, 15, 1, 1, 'en', 0, 0, 0, NULL, 'none', 0, 0, 'avatars/435_1770016787.jpg', NULL, '2025-08-19 00:00:00', '2026-02-05 12:41:48'),
(464, 'Luffy 裕升', '陳', 'a7461818@gmail.com', NULL, '陳裕升', 'Black', NULL, NULL, 'male', 'Adults', NULL, 'none', NULL, NULL, NULL, NULL, NULL, '1992-08-01', NULL, '$2y$12$.u7bx94o.yI9v0GI1dHfmOIVedeIOFSeXiCgTIf8A62bBOJSdyCbC', 'Black', NULL, 0, 0, 12, 15, 1, 1, 'en', 0, 0, 0, NULL, 'gratis', 0, 0, NULL, NULL, '2025-08-24 04:28:34', '2026-02-02 08:54:58'),
(469, 'Kaelan', 'Artus', 'teacher.eckart@gmail.com', NULL, '謝芫程', 'Grey', NULL, NULL, 'male', 'Kids', NULL, 'none', NULL, NULL, NULL, NULL, NULL, '2011-08-17', NULL, '$2y$12$.u7bx94o.yI9v0GI1dHfmOIVedeIOFSeXiCgTIf8A62bBOJSdyCbC', 'Grey', 'white', 0, 0, 12, 15, 1, 1, 'en', 0, 0, 0, NULL, 'gratis', 0, 0, NULL, NULL, '2025-08-24 00:00:00', '2026-01-31 07:17:57'),
(471, 'Ken', 'Huang', 'ukenbe@gmail.com', NULL, '', 'White', NULL, NULL, 'male', 'Adults', NULL, 'none', NULL, NULL, NULL, NULL, NULL, '1980-10-18', NULL, '$2y$12$.u7bx94o.yI9v0GI1dHfmOIVedeIOFSeXiCgTIf8A62bBOJSdyCbC', 'White', NULL, 0, 0, 12, 15, 1, 1, 'en', 0, 0, 0, NULL, 'none', 0, 0, NULL, NULL, '2025-08-25 09:28:24', '2025-12-19 05:10:48'),
(472, 'Clara', 'Kang', 'clara7369949@gmail.com', NULL, '康嘉穎', 'White', NULL, NULL, 'female', 'Adults', 7, 'active', '2026-04-06', 8, NULL, NULL, NULL, '1994-11-12', NULL, '$2y$12$.u7bx94o.yI9v0GI1dHfmOIVedeIOFSeXiCgTIf8A62bBOJSdyCbC', 'White', NULL, 0, 0, 12, 15, 1, 1, 'en', 0, 0, 0, NULL, 'none', 0, 0, NULL, NULL, '2025-08-25 10:04:40', '2026-01-31 07:04:16'),
(481, 'Jeff', '王', 'aa8908@hotmail.com', NULL, '王庭偉', 'Blue', NULL, NULL, 'male', 'Adults', NULL, 'none', NULL, NULL, NULL, NULL, NULL, '1992-07-07', NULL, '$2y$12$.u7bx94o.yI9v0GI1dHfmOIVedeIOFSeXiCgTIf8A62bBOJSdyCbC', 'Blue', NULL, 0, 0, 12, 15, 1, 1, 'en', 0, 0, 0, NULL, 'gratis', 0, 0, NULL, NULL, '2025-08-27 00:00:00', '2026-01-31 07:16:08'),
(489, 'Austin', 'lien', 'austin35318200@gmail.com', NULL, '連殷頡', 'White', NULL, NULL, 'male', 'Adults', 7, 'active', '2026-04-08', 8, NULL, NULL, NULL, '1999-06-08', NULL, '$2y$12$.u7bx94o.yI9v0GI1dHfmOIVedeIOFSeXiCgTIf8A62bBOJSdyCbC', 'White', NULL, 1, 0, 12, 15, 1, 1, 'en', 0, 0, 0, NULL, 'none', 0, 0, NULL, NULL, '2025-08-31 12:30:26', '2026-02-02 13:34:17'),
(495, 'Wayne', 'Su', 'tamago1129@hotmail.com', NULL, '蘇柏維', 'Blue', NULL, NULL, 'male', 'Adults', NULL, 'none', NULL, NULL, NULL, NULL, NULL, '1989-11-19', NULL, '$2y$12$.u7bx94o.yI9v0GI1dHfmOIVedeIOFSeXiCgTIf8A62bBOJSdyCbC', 'Blue', NULL, 0, 0, 12, 15, 1, 1, 'en', 0, 0, 0, NULL, 'gratis', 0, 0, NULL, NULL, '2025-09-04 00:00:00', '2026-02-02 09:09:33'),
(499, 'Dou dou 陳', '多多', 'chenzhen96811@gmail.com', NULL, '陳翊榛', 'Blue', NULL, NULL, 'female', 'Adults', NULL, 'none', NULL, NULL, NULL, NULL, NULL, '2007-08-06', NULL, '$2y$12$.u7bx94o.yI9v0GI1dHfmOIVedeIOFSeXiCgTIf8A62bBOJSdyCbC', 'Blue', NULL, 0, 0, 12, 15, 1, 1, 'en', 0, 0, 0, NULL, 'none', 0, 0, NULL, NULL, '2025-09-06 08:42:23', '2026-02-02 08:38:54'),
(519, 'Ann', 'HOU', 'annhoufafa482@gmail.com', NULL, '侯怡君', 'White', NULL, NULL, 'female', 'Adults', 3, 'active', '2026-03-01', NULL, NULL, NULL, NULL, '1988-07-04', NULL, '$2y$12$.u7bx94o.yI9v0GI1dHfmOIVedeIOFSeXiCgTIf8A62bBOJSdyCbC', 'White', NULL, 1, 0, 12, 15, 1, 1, 'en', 0, 0, 0, NULL, 'none', 0, 0, NULL, NULL, '2025-09-23 00:00:00', '2026-02-05 11:57:55'),
(521, 'Skye', 'Su', 'vialinsu@gmail.com', NULL, '', 'White', NULL, NULL, 'female', 'Adults', NULL, 'none', NULL, NULL, NULL, NULL, NULL, NULL, NULL, '$2y$12$.u7bx94o.yI9v0GI1dHfmOIVedeIOFSeXiCgTIf8A62bBOJSdyCbC', 'White', NULL, 0, 0, 12, 15, 1, 1, 'en', 0, 0, 0, NULL, 'none', 0, 0, NULL, NULL, '2025-10-03 08:48:15', '2025-12-19 08:45:18'),
(523, 'Eddie 皓宇', '李', 'hydra272@gmail.com', NULL, '李皓宇', 'Purple', NULL, NULL, 'male', 'Adults', NULL, 'none', NULL, NULL, NULL, NULL, NULL, '1992-11-20', NULL, '$2y$12$.u7bx94o.yI9v0GI1dHfmOIVedeIOFSeXiCgTIf8A62bBOJSdyCbC', 'Purple', NULL, 0, 0, 12, 15, 1, 1, 'en', 0, 0, 0, NULL, 'gratis', 0, 0, NULL, NULL, '2025-10-03 00:00:00', '2026-02-02 08:55:15'),
(524, 'William', 'Chuang', 'williambuyusa@gmail.com', NULL, '莊理忠', 'White', NULL, NULL, 'male', 'Adults', 3, 'active', '2026-02-16', NULL, NULL, NULL, NULL, '1967-12-01', NULL, '$2y$12$.u7bx94o.yI9v0GI1dHfmOIVedeIOFSeXiCgTIf8A62bBOJSdyCbC', 'White', NULL, 0, 0, 12, 15, 1, 1, 'en', 0, 0, 0, NULL, 'none', 0, 0, NULL, NULL, '2025-10-05 06:38:38', '2026-01-31 06:51:52'),
(525, 'Jin', '程', 'ps5866237@kimo.com', NULL, '程景暉', 'White', NULL, NULL, 'male', 'Adults', NULL, 'none', NULL, NULL, NULL, NULL, NULL, '1999-06-03', NULL, '$2y$12$.u7bx94o.yI9v0GI1dHfmOIVedeIOFSeXiCgTIf8A62bBOJSdyCbC', 'White', NULL, 0, 0, 12, 15, 1, 1, 'en', 0, 0, 0, NULL, 'gratis', 0, 0, NULL, NULL, '2025-10-18 00:00:00', '2026-01-31 07:16:19'),
(528, 'Victor', 'Chen', 'takodachiq@gmail.com', NULL, '陳邦睿', 'White', NULL, NULL, 'male', 'Adults', 4, 'active', '2026-04-21', NULL, NULL, NULL, NULL, '2006-09-17', NULL, '$2y$12$.u7bx94o.yI9v0GI1dHfmOIVedeIOFSeXiCgTIf8A62bBOJSdyCbC', 'White', NULL, 1, 0, 12, 15, 1, 1, 'en', 0, 0, 0, NULL, 'none', 0, 0, NULL, NULL, '2025-10-25 10:05:08', '2026-02-02 13:37:18'),
(529, 'Shuugo', 'Yu', 'jackyu@hey.com', NULL, '', 'Yellow', NULL, NULL, 'male', 'Adults', NULL, 'none', NULL, NULL, NULL, NULL, NULL, '2012-09-01', NULL, '$2y$12$.u7bx94o.yI9v0GI1dHfmOIVedeIOFSeXiCgTIf8A62bBOJSdyCbC', 'Yellow', 'white', 0, 0, 12, 15, 1, 1, 'en', 0, 0, 0, NULL, 'none', 0, 0, NULL, NULL, '2025-10-25 12:23:41', '2025-12-19 05:11:25'),
(536, 'Neil 曾', '裕翔', 'neilxiang1997@gmail.com', NULL, '曾裕翔', 'White', NULL, NULL, 'male', 'Adults', 3, 'active', '2026-02-27', NULL, NULL, NULL, NULL, '1997-04-04', NULL, '$2y$12$.u7bx94o.yI9v0GI1dHfmOIVedeIOFSeXiCgTIf8A62bBOJSdyCbC', 'White', NULL, 0, 0, 12, 15, 1, 1, 'en', 0, 0, 0, NULL, 'none', 0, 0, NULL, NULL, '2025-11-23 08:18:44', '2026-02-02 09:05:17'),
(537, 'HSINYU', 'CHEN', '2024julyschool@gmail.com', NULL, '陳欣愉', 'Blue', NULL, NULL, 'female', 'Adults', NULL, 'none', NULL, NULL, NULL, NULL, NULL, '1999-04-03', NULL, '$2y$12$.u7bx94o.yI9v0GI1dHfmOIVedeIOFSeXiCgTIf8A62bBOJSdyCbC', 'Blue', NULL, 0, 0, 12, 15, 1, 1, 'en', 0, 0, 0, NULL, 'none', 0, 0, NULL, NULL, '2025-11-25 07:13:16', '2025-12-19 05:10:24'),
(538, '威淯', '王', 'zxc106520367@gmail.com', NULL, '王威淯', 'White', NULL, NULL, 'male', 'Adults', NULL, 'none', NULL, NULL, NULL, NULL, NULL, '1998-10-15', NULL, '$2y$12$.u7bx94o.yI9v0GI1dHfmOIVedeIOFSeXiCgTIf8A62bBOJSdyCbC', 'White', NULL, 0, 0, 12, 15, 1, 1, 'en', 0, 0, 0, NULL, 'none', 0, 0, NULL, NULL, '2025-11-26 04:43:56', '2025-12-25 04:51:41'),
(540, 'Ibu', 'Lin', 'zhuoy222@gmail.com', NULL, '', 'White', NULL, NULL, 'female', 'Adults', NULL, 'none', NULL, NULL, NULL, NULL, NULL, '1994-03-22', NULL, '$2y$12$.u7bx94o.yI9v0GI1dHfmOIVedeIOFSeXiCgTIf8A62bBOJSdyCbC', 'White', NULL, 0, 0, 12, 15, 1, 1, 'en', 0, 0, 0, NULL, 'none', 0, 0, NULL, NULL, '2025-12-07 09:32:23', '2025-12-19 05:10:28'),
(542, '嘉茵', '蔡', 'twyayoi@gmail.com', NULL, '', 'White', NULL, NULL, 'female', 'Adults', 7, 'active', '2026-05-06', NULL, NULL, NULL, NULL, '1988-11-18', NULL, '$2y$12$.u7bx94o.yI9v0GI1dHfmOIVedeIOFSeXiCgTIf8A62bBOJSdyCbC', 'White', NULL, 0, 0, 12, 15, 1, 1, 'en', 0, 0, 0, NULL, 'none', 0, 0, NULL, NULL, '2025-12-10 10:01:17', '2026-02-02 09:13:13'),
(543, 'Anthony', 'Feoutis', 'Anthony.feoutis@gmail.com', NULL, '', 'White', NULL, NULL, 'male', 'Adults', 7, 'active', '2026-02-27', 6, NULL, NULL, NULL, '1979-03-03', NULL, '$2y$12$.u7bx94o.yI9v0GI1dHfmOIVedeIOFSeXiCgTIf8A62bBOJSdyCbC', 'White', NULL, 0, 0, 12, 15, 1, 1, 'en', 0, 0, 0, NULL, 'none', 0, 0, NULL, NULL, '2025-12-10 10:07:30', '2026-02-11 01:13:03'),
(545, 'Ian', 'Lin', 'sarah75421@gmail.com', NULL, '', 'White', NULL, NULL, 'male', 'Kids', 3, 'active', '2026-02-17', NULL, NULL, NULL, NULL, '2018-12-03', NULL, '$2y$12$.u7bx94o.yI9v0GI1dHfmOIVedeIOFSeXiCgTIf8A62bBOJSdyCbC', 'White', NULL, 0, 13, 12, 15, 1, 1, 'en', 0, 0, 0, NULL, 'none', 0, 0, 'avatars/545_1770196984.jpg', NULL, '2025-12-17 13:48:51', '2026-02-05 12:40:24'),
(546, '健熏', '黃', 'cces104051@gmail.com', NULL, '黃健熏', 'White', NULL, NULL, 'male', 'Adults', 3, 'active', '2026-02-22', NULL, NULL, NULL, NULL, '2008-12-10', NULL, '$2y$12$.u7bx94o.yI9v0GI1dHfmOIVedeIOFSeXiCgTIf8A62bBOJSdyCbC', 'White', NULL, 0, 0, 12, 15, 1, 1, 'en', 0, 0, 0, NULL, 'none', 0, 0, NULL, NULL, '2025-12-23 10:02:44', '2026-02-02 09:11:07'),
(547, 'David 永承', '林', 'davidyu0922@gmail.com', NULL, '林永承', 'White', NULL, NULL, 'male', 'Adults', 3, 'active', '2026-02-24', NULL, NULL, NULL, NULL, '1985-03-25', NULL, '$2y$12$.u7bx94o.yI9v0GI1dHfmOIVedeIOFSeXiCgTIf8A62bBOJSdyCbC', 'White', NULL, 0, 0, 12, 15, 1, 1, 'en', 0, 0, 0, NULL, 'none', 0, 0, NULL, NULL, '2025-12-24 04:32:58', '2026-02-05 12:00:28'),
(548, 'Yuna', 'Su', 'amily2323@hotmail.com', NULL, '蘇韋羽', 'White', NULL, NULL, 'female', 'Kids', 4, 'active', '2026-03-09', NULL, NULL, NULL, NULL, '2020-08-07', NULL, '$2y$12$.u7bx94o.yI9v0GI1dHfmOIVedeIOFSeXiCgTIf8A62bBOJSdyCbC', 'White', NULL, 0, 10, 12, 15, 1, 1, 'en', 0, 0, 0, NULL, 'none', 0, 0, 'avatars/548_1770196217.jpg', NULL, '2026-01-04 08:48:52', '2026-02-05 12:41:57');
INSERT INTO `users` (`id`, `first_name`, `last_name`, `email`, `phone`, `chinese_name`, `belt_color`, `line_id`, `line_notify_token`, `gender`, `age_group`, `membership_package_id`, `membership_status`, `membership_expires_at`, `classes_remaining`, `membership_expiry_reminder_sent_at`, `classes_zero_reminder_sent_at`, `last_reengagement_line_sent_at`, `dob`, `email_verified_at`, `password`, `rank`, `belt_variation`, `stripes`, `mat_hours`, `monthly_class_goal`, `monthly_hours_goal`, `reminders_enabled`, `public_profile`, `locale`, `is_admin`, `is_coach`, `accepting_private_classes`, `private_class_price`, `discount_type`, `discount_amount`, `discount_percentage`, `avatar_url`, `remember_token`, `created_at`, `updated_at`) VALUES
(549, 'Daniel', 'Huang', 'danielhuang.tw2@gmail.com', NULL, '', 'White', NULL, NULL, 'male', 'Adults', 7, 'active', '2026-04-10', 4, NULL, NULL, NULL, '1999-11-30', NULL, '$2y$12$.u7bx94o.yI9v0GI1dHfmOIVedeIOFSeXiCgTIf8A62bBOJSdyCbC', 'White', NULL, 0, 0, 12, 15, 1, 1, 'en', 0, 0, 0, NULL, 'none', 0, 0, NULL, NULL, '2026-01-05 11:54:10', '2026-02-02 08:36:39'),
(550, 'Ricky', '黃', 'sandy.nec@yahoo.com.tw', NULL, '黃元琦', 'White', NULL, NULL, 'male', 'Kids', 6, 'active', '2026-05-05', NULL, NULL, NULL, NULL, '2020-03-11', NULL, '$2y$12$.u7bx94o.yI9v0GI1dHfmOIVedeIOFSeXiCgTIf8A62bBOJSdyCbC', 'White', NULL, 3, 17, 12, 15, 1, 1, 'en', 0, 0, 0, NULL, 'none', 0, 0, 'avatars/550_1770016287.jpg', NULL, '2026-01-06 02:00:19', '2026-02-05 12:44:38'),
(552, '秉謙', '李', 'a0972186646@gmail.com', NULL, '', 'White', NULL, NULL, 'male', 'Adults', 7, 'active', '2026-04-08', NULL, NULL, NULL, NULL, '1999-05-11', NULL, '$2y$12$.u7bx94o.yI9v0GI1dHfmOIVedeIOFSeXiCgTIf8A62bBOJSdyCbC', 'White', NULL, 0, 0, 12, 15, 1, 1, 'en', 0, 0, 0, NULL, 'none', 0, 0, NULL, NULL, '2026-01-08 13:32:17', '2026-02-02 09:25:46'),
(553, 'Jiasheng 佳生', '李', 'leeejiasheng@gmail.com', NULL, '李佳生', 'White', NULL, NULL, 'male', 'Adults', 7, 'active', '2026-04-09', 9, NULL, NULL, NULL, '1991-03-14', NULL, '$2y$12$.u7bx94o.yI9v0GI1dHfmOIVedeIOFSeXiCgTIf8A62bBOJSdyCbC', 'White', NULL, 0, 0, 12, 15, 1, 1, 'en', 0, 0, 0, NULL, 'none', 0, 0, NULL, NULL, '2026-01-09 14:13:24', '2026-02-02 09:10:39'),
(554, '玟芯', '賴', 'kart4869@gmail.com', NULL, '賴玟芯', 'White', NULL, NULL, 'female', 'Adults', 7, 'active', '2026-04-20', 8, NULL, NULL, NULL, '1998-06-17', NULL, '$2y$12$.u7bx94o.yI9v0GI1dHfmOIVedeIOFSeXiCgTIf8A62bBOJSdyCbC', 'White', NULL, 0, 0, 12, 15, 1, 1, 'en', 0, 0, 0, NULL, 'none', 0, 0, NULL, NULL, '2026-01-19 11:43:19', '2026-02-02 09:06:02'),
(555, '怡均', '葉', 'julieic_yeh@yahoo.com', NULL, '', 'White', NULL, NULL, 'female', 'Adults', 7, 'active', '2026-04-20', 8, NULL, NULL, NULL, '1988-09-10', NULL, '$2y$12$.u7bx94o.yI9v0GI1dHfmOIVedeIOFSeXiCgTIf8A62bBOJSdyCbC', 'White', NULL, 0, 0, 12, 15, 1, 1, 'en', 0, 0, 0, NULL, 'none', 0, 0, NULL, NULL, '2026-01-19 12:09:49', '2026-02-02 09:21:43'),
(557, 'Olivia 宥蓁', '邱', 'allycove@yahoo.com.tw', NULL, '', 'White', NULL, NULL, 'female', 'Kids', 4, 'active', '2026-04-21', NULL, NULL, NULL, NULL, '2014-04-02', NULL, '$2y$12$.u7bx94o.yI9v0GI1dHfmOIVedeIOFSeXiCgTIf8A62bBOJSdyCbC', 'White', NULL, 0, 11, 12, 15, 1, 1, 'en', 0, 0, 0, NULL, 'fixed', 500, 0, 'avatars/557_1770196766.jpg', NULL, '2026-01-21 06:40:04', '2026-02-05 12:44:31'),
(558, 'Oscar 宥霖', '邱', 'allycove66@gmail.com', NULL, '', 'White', NULL, NULL, 'male', 'Kids', 4, 'active', '2026-04-21', NULL, NULL, NULL, NULL, '2014-04-02', NULL, '$2y$12$.u7bx94o.yI9v0GI1dHfmOIVedeIOFSeXiCgTIf8A62bBOJSdyCbC', 'White', NULL, 0, 10, 12, 15, 1, 1, 'en', 0, 0, 0, NULL, 'fixed', 500, 0, 'avatars/558_1770196750.jpg', NULL, '2026-01-21 06:42:05', '2026-02-05 12:44:35'),
(559, '宜臻', '吳', 'p070287@gmail.com', NULL, '', 'White', NULL, NULL, 'female', 'Adults', 7, 'active', '2026-04-28', 9, NULL, NULL, NULL, '1998-02-07', NULL, '$2y$12$.u7bx94o.yI9v0GI1dHfmOIVedeIOFSeXiCgTIf8A62bBOJSdyCbC', 'White', NULL, 0, 0, 12, 15, 1, 1, 'en', 0, 0, 0, NULL, 'fixed', 500, 0, NULL, NULL, '2026-01-28 12:21:12', '2026-02-02 09:16:44'),
(561, 'Midas', 'Lu', 'midas319314@gmail.com', NULL, '呂秉彥', 'White', NULL, NULL, 'male', 'Adults', 4, 'active', '2026-04-30', NULL, NULL, NULL, NULL, '1985-03-24', NULL, '$2y$12$.u7bx94o.yI9v0GI1dHfmOIVedeIOFSeXiCgTIf8A62bBOJSdyCbC', 'White', NULL, 0, 0, 12, 15, 1, 1, 'en', 0, 0, 0, NULL, 'none', 0, 0, NULL, NULL, '2026-01-29 14:03:00', '2026-02-02 07:54:57'),
(565, 'Zachary', 'Leonard', 'zachary.darin.leonard@gmail.com', '+8869516355150', NULL, 'White Belt', NULL, NULL, 'male', 'Adults', 7, 'active', '2026-05-09', 10, NULL, NULL, NULL, '1993-02-11', NULL, '$2y$12$eMNvHPMkR1UHa2HRIxNCpe02HN1laXBInRFWzxajN/s2V3lypCPKS', 'White', NULL, 0, 0, 12, 15, 1, 0, 'en', 0, 0, 0, NULL, 'fixed', 500, 0, 'avatars/565_1770603462.jpg', NULL, '2026-02-09 02:12:40', '2026-02-09 02:17:42'),
(566, 'Noah', 'Leonard', 'zachary.darin.leonard+1@gmail.com', '+8869516355150', NULL, 'White Belt', NULL, NULL, 'male', 'Kids', 9, 'active', '2026-05-09', NULL, NULL, NULL, NULL, NULL, NULL, '$2y$12$tXwv36wtXFZG44XyPHZpmOhIGAAZCeqv9L38MUZ3PiQdVGmZLdRrO', 'White', NULL, 0, 1, 12, 15, 1, 1, 'en', 0, 0, 0, NULL, 'fixed', 500, 0, 'avatars/566_1770603707.jpg', NULL, '2026-02-09 02:20:34', '2026-02-09 02:31:04'),
(567, 'Seth', 'Leonard', 'zachary.darin.leonard+2@gmail.com', NULL, NULL, 'White Belt', NULL, NULL, 'male', 'Kids', 9, 'active', '2026-05-09', NULL, NULL, NULL, NULL, NULL, NULL, '$2y$12$vQXsfxpE47HYV/UgUgEgreifZyVOFMWeYBeagBSAHCAC1L3TPqgOu', 'White', NULL, 0, 1, 12, 15, 1, 0, 'en', 0, 0, 0, NULL, 'fixed', 500, 0, 'avatars/567_1770604020.jpg', NULL, '2026-02-09 02:26:37', '2026-02-09 02:30:53'),
(568, 'Audra', 'Chou', 'ntua1041072802@gmail.com', NULL, NULL, 'White Belt', NULL, NULL, 'male', 'Adults', 7, 'active', '2026-05-09', 9, NULL, NULL, NULL, '1997-02-24', NULL, '$2y$12$4tBLYm97Azq0sRx5O8SIgOK1pddcN1IHZXqrujjvW6C520EwQwwEe', 'White', NULL, 0, 1, 12, 15, 1, 0, 'en', 0, 0, 0, NULL, 'fixed', 500, 0, NULL, NULL, '2026-02-09 02:36:10', '2026-02-09 02:36:43'),
(569, 'Eupnico', 'Huang', 'hwp234@gmail.com', NULL, NULL, 'White Belt', NULL, NULL, 'male', 'Adults', 7, 'active', '2026-05-09', 10, NULL, NULL, NULL, '1993-09-30', NULL, '$2y$12$4G5eDhoHjktSD..lfD8E.OA7zU1VqGfHHthSDJtHtCqxKavQeo6Eu', 'White', NULL, 0, 0, 12, 15, 1, 0, 'en', 0, 0, 0, NULL, 'fixed', 500, 0, NULL, NULL, '2026-02-09 02:39:06', '2026-02-09 02:40:04'),
(570, 'Kevin', 'You', 'kevinyoujudo@gmail.com', '\'0955195902', '尤凱文', 'White Belt', NULL, NULL, 'male', 'Adults', 3, 'active', '2026-03-04', NULL, NULL, NULL, NULL, '1994-11-21', NULL, '$2y$12$TwbNUdJpFdPo1whRhQmGRe9bDvH.ypi3yWPNNe2foPisR6TcDqLJ6', 'Purple', NULL, 2, 0, 12, 15, 1, 1, 'zh-TW', 0, 0, 0, NULL, 'fixed', 2000, 0, 'avatars/570_1770606031.jpg', NULL, '2026-02-09 03:00:14', '2026-02-09 03:13:42'),
(571, 'Nos', 'Sherlock', 'jeehyungl+testcatch@gmail.com', NULL, NULL, 'White Belt', NULL, NULL, 'male', 'Adults', 7, 'active', '2026-02-10', 10, NULL, NULL, NULL, NULL, NULL, '$2y$12$mMuD2MVqM08uajJ1ePo1oOIZ4mBpm2K4UF9h2iyxstWG6cv21E5H2', 'White', NULL, 0, 0, 4, 15, 1, 0, 'en', 0, 0, 0, NULL, 'none', 0, 0, NULL, NULL, '2026-02-09 06:18:05', '2026-02-11 09:33:27');

--
-- Indexes for dumped tables
--

--
-- Indexes for table `bookings`
--
ALTER TABLE `bookings`
  ADD PRIMARY KEY (`id`),
  ADD UNIQUE KEY `bookings_user_id_class_id_unique` (`user_id`,`class_id`),
  ADD KEY `bookings_class_id_foreign` (`class_id`);

--
-- Indexes for table `cache`
--
ALTER TABLE `cache`
  ADD PRIMARY KEY (`key`),
  ADD KEY `cache_expiration_index` (`expiration`);

--
-- Indexes for table `cache_locks`
--
ALTER TABLE `cache_locks`
  ADD PRIMARY KEY (`key`),
  ADD KEY `cache_locks_expiration_index` (`expiration`);

--
-- Indexes for table `classes`
--
ALTER TABLE `classes`
  ADD PRIMARY KEY (`id`),
  ADD KEY `idx_classes_is_cancelled` (`is_cancelled`);

--
-- Indexes for table `class_trials`
--
ALTER TABLE `class_trials`
  ADD PRIMARY KEY (`id`),
  ADD KEY `class_trials_class_id_foreign` (`class_id`);

--
-- Indexes for table `coach_availability`
--
ALTER TABLE `coach_availability`
  ADD PRIMARY KEY (`id`),
  ADD KEY `coach_availability_user_id_foreign` (`user_id`);

--
-- Indexes for table `failed_jobs`
--
ALTER TABLE `failed_jobs`
  ADD PRIMARY KEY (`id`),
  ADD UNIQUE KEY `failed_jobs_uuid_unique` (`uuid`);

--
-- Indexes for table `families`
--
ALTER TABLE `families`
  ADD PRIMARY KEY (`id`),
  ADD KEY `families_primary_user_id_foreign` (`primary_user_id`);

--
-- Indexes for table `family_members`
--
ALTER TABLE `family_members`
  ADD PRIMARY KEY (`id`),
  ADD UNIQUE KEY `family_members_family_id_user_id_unique` (`family_id`,`user_id`),
  ADD UNIQUE KEY `family_members_user_id_unique` (`user_id`);

--
-- Indexes for table `jobs`
--
ALTER TABLE `jobs`
  ADD PRIMARY KEY (`id`),
  ADD KEY `jobs_queue_index` (`queue`);

--
-- Indexes for table `job_batches`
--
ALTER TABLE `job_batches`
  ADD PRIMARY KEY (`id`);

--
-- Indexes for table `membership_packages`
--
ALTER TABLE `membership_packages`
  ADD PRIMARY KEY (`id`);

--
-- Indexes for table `migrations`
--
ALTER TABLE `migrations`
  ADD PRIMARY KEY (`id`);

--
-- Indexes for table `orders`
--
ALTER TABLE `orders`
  ADD PRIMARY KEY (`id`),
  ADD KEY `orders_user_id_foreign` (`user_id`);

--
-- Indexes for table `order_items`
--
ALTER TABLE `order_items`
  ADD PRIMARY KEY (`id`),
  ADD KEY `order_items_order_id_foreign` (`order_id`),
  ADD KEY `order_items_product_variant_id_foreign` (`product_variant_id`);

--
-- Indexes for table `password_reset_tokens`
--
ALTER TABLE `password_reset_tokens`
  ADD PRIMARY KEY (`email`);

--
-- Indexes for table `payments`
--
ALTER TABLE `payments`
  ADD PRIMARY KEY (`id`),
  ADD KEY `payments_user_id_foreign` (`user_id`),
  ADD KEY `idx_payments_payment_method` (`payment_method`);

--
-- Indexes for table `private_class_bookings`
--
ALTER TABLE `private_class_bookings`
  ADD PRIMARY KEY (`id`),
  ADD KEY `private_class_bookings_coach_id_foreign` (`coach_id`),
  ADD KEY `private_class_bookings_member_id_foreign` (`member_id`);

--
-- Indexes for table `products`
--
ALTER TABLE `products`
  ADD PRIMARY KEY (`id`);

--
-- Indexes for table `product_variants`
--
ALTER TABLE `product_variants`
  ADD PRIMARY KEY (`id`),
  ADD KEY `product_variants_product_id_foreign` (`product_id`);

--
-- Indexes for table `sessions`
--
ALTER TABLE `sessions`
  ADD PRIMARY KEY (`id`),
  ADD KEY `sessions_user_id_index` (`user_id`),
  ADD KEY `sessions_last_activity_index` (`last_activity`);

--
-- Indexes for table `users`
--
ALTER TABLE `users`
  ADD PRIMARY KEY (`id`),
  ADD UNIQUE KEY `users_email_unique` (`email`),
  ADD KEY `idx_membership_status` (`membership_status`),
  ADD KEY `idx_membership_expires` (`membership_expires_at`),
  ADD KEY `idx_is_coach` (`is_coach`),
  ADD KEY `idx_discount_type` (`discount_type`);

--
-- AUTO_INCREMENT for dumped tables
--

--
-- AUTO_INCREMENT for table `bookings`
--
ALTER TABLE `bookings`
  MODIFY `id` bigint(20) UNSIGNED NOT NULL AUTO_INCREMENT, AUTO_INCREMENT=291;

--
-- AUTO_INCREMENT for table `classes`
--
ALTER TABLE `classes`
  MODIFY `id` bigint(20) UNSIGNED NOT NULL AUTO_INCREMENT, AUTO_INCREMENT=148;

--
-- AUTO_INCREMENT for table `class_trials`
--
ALTER TABLE `class_trials`
  MODIFY `id` bigint(20) UNSIGNED NOT NULL AUTO_INCREMENT, AUTO_INCREMENT=4;

--
-- AUTO_INCREMENT for table `coach_availability`
--
ALTER TABLE `coach_availability`
  MODIFY `id` bigint(20) UNSIGNED NOT NULL AUTO_INCREMENT, AUTO_INCREMENT=11;

--
-- AUTO_INCREMENT for table `failed_jobs`
--
ALTER TABLE `failed_jobs`
  MODIFY `id` bigint(20) UNSIGNED NOT NULL AUTO_INCREMENT;

--
-- AUTO_INCREMENT for table `families`
--
ALTER TABLE `families`
  MODIFY `id` bigint(20) UNSIGNED NOT NULL AUTO_INCREMENT, AUTO_INCREMENT=19;

--
-- AUTO_INCREMENT for table `family_members`
--
ALTER TABLE `family_members`
  MODIFY `id` bigint(20) UNSIGNED NOT NULL AUTO_INCREMENT, AUTO_INCREMENT=41;

--
-- AUTO_INCREMENT for table `jobs`
--
ALTER TABLE `jobs`
  MODIFY `id` bigint(20) UNSIGNED NOT NULL AUTO_INCREMENT;

--
-- AUTO_INCREMENT for table `membership_packages`
--
ALTER TABLE `membership_packages`
  MODIFY `id` bigint(20) UNSIGNED NOT NULL AUTO_INCREMENT, AUTO_INCREMENT=10;

--
-- AUTO_INCREMENT for table `migrations`
--
ALTER TABLE `migrations`
  MODIFY `id` int(10) UNSIGNED NOT NULL AUTO_INCREMENT, AUTO_INCREMENT=12;

--
-- AUTO_INCREMENT for table `orders`
--
ALTER TABLE `orders`
  MODIFY `id` bigint(20) UNSIGNED NOT NULL AUTO_INCREMENT, AUTO_INCREMENT=22;

--
-- AUTO_INCREMENT for table `order_items`
--
ALTER TABLE `order_items`
  MODIFY `id` bigint(20) UNSIGNED NOT NULL AUTO_INCREMENT, AUTO_INCREMENT=22;

--
-- AUTO_INCREMENT for table `payments`
--
ALTER TABLE `payments`
  MODIFY `id` bigint(20) UNSIGNED NOT NULL AUTO_INCREMENT, AUTO_INCREMENT=9;

--
-- AUTO_INCREMENT for table `private_class_bookings`
--
ALTER TABLE `private_class_bookings`
  MODIFY `id` bigint(20) UNSIGNED NOT NULL AUTO_INCREMENT, AUTO_INCREMENT=7;

--
-- AUTO_INCREMENT for table `products`
--
ALTER TABLE `products`
  MODIFY `id` bigint(20) UNSIGNED NOT NULL AUTO_INCREMENT, AUTO_INCREMENT=11;

--
-- AUTO_INCREMENT for table `product_variants`
--
ALTER TABLE `product_variants`
  MODIFY `id` bigint(20) UNSIGNED NOT NULL AUTO_INCREMENT, AUTO_INCREMENT=349;

--
-- AUTO_INCREMENT for table `users`
--
ALTER TABLE `users`
  MODIFY `id` bigint(20) UNSIGNED NOT NULL AUTO_INCREMENT, AUTO_INCREMENT=575;

--
-- Constraints for dumped tables
--

--
-- Constraints for table `bookings`
--
ALTER TABLE `bookings`
  ADD CONSTRAINT `bookings_class_id_foreign` FOREIGN KEY (`class_id`) REFERENCES `classes` (`id`) ON DELETE CASCADE,
  ADD CONSTRAINT `bookings_user_id_foreign` FOREIGN KEY (`user_id`) REFERENCES `users` (`id`) ON DELETE CASCADE;

--
-- Constraints for table `class_trials`
--
ALTER TABLE `class_trials`
  ADD CONSTRAINT `class_trials_class_id_foreign` FOREIGN KEY (`class_id`) REFERENCES `classes` (`id`) ON DELETE CASCADE;

--
-- Constraints for table `coach_availability`
--
ALTER TABLE `coach_availability`
  ADD CONSTRAINT `coach_availability_user_id_foreign` FOREIGN KEY (`user_id`) REFERENCES `users` (`id`) ON DELETE CASCADE;

--
-- Constraints for table `families`
--
ALTER TABLE `families`
  ADD CONSTRAINT `families_primary_user_id_foreign` FOREIGN KEY (`primary_user_id`) REFERENCES `users` (`id`) ON DELETE SET NULL;

--
-- Constraints for table `family_members`
--
ALTER TABLE `family_members`
  ADD CONSTRAINT `family_members_family_id_foreign` FOREIGN KEY (`family_id`) REFERENCES `families` (`id`) ON DELETE CASCADE,
  ADD CONSTRAINT `family_members_user_id_foreign` FOREIGN KEY (`user_id`) REFERENCES `users` (`id`) ON DELETE CASCADE;

--
-- Constraints for table `orders`
--
ALTER TABLE `orders`
  ADD CONSTRAINT `orders_user_id_foreign` FOREIGN KEY (`user_id`) REFERENCES `users` (`id`) ON DELETE CASCADE;

--
-- Constraints for table `order_items`
--
ALTER TABLE `order_items`
  ADD CONSTRAINT `order_items_order_id_foreign` FOREIGN KEY (`order_id`) REFERENCES `orders` (`id`) ON DELETE CASCADE,
  ADD CONSTRAINT `order_items_product_variant_id_foreign` FOREIGN KEY (`product_variant_id`) REFERENCES `product_variants` (`id`) ON DELETE CASCADE;

--
-- Constraints for table `payments`
--
ALTER TABLE `payments`
  ADD CONSTRAINT `payments_user_id_foreign` FOREIGN KEY (`user_id`) REFERENCES `users` (`id`) ON DELETE CASCADE;

--
-- Constraints for table `private_class_bookings`
--
ALTER TABLE `private_class_bookings`
  ADD CONSTRAINT `private_class_bookings_coach_id_foreign` FOREIGN KEY (`coach_id`) REFERENCES `users` (`id`) ON DELETE CASCADE,
  ADD CONSTRAINT `private_class_bookings_member_id_foreign` FOREIGN KEY (`member_id`) REFERENCES `users` (`id`) ON DELETE CASCADE;

--
-- Constraints for table `product_variants`
--
ALTER TABLE `product_variants`
  ADD CONSTRAINT `product_variants_product_id_foreign` FOREIGN KEY (`product_id`) REFERENCES `products` (`id`) ON DELETE CASCADE;
COMMIT;

/*!40101 SET CHARACTER_SET_CLIENT=@OLD_CHARACTER_SET_CLIENT */;
/*!40101 SET CHARACTER_SET_RESULTS=@OLD_CHARACTER_SET_RESULTS */;
/*!40101 SET COLLATION_CONNECTION=@OLD_COLLATION_CONNECTION */;
